ISO-10303-21;
HEADER;
FILE_DESCRIPTION (( 'STEP AP214' ),
    '1' );
FILE_NAME ('´¥Ãþ±ÊÁ¬½Ó.STEP',
    '2026-02-05T14:10:25',
    ( 'DELL' ),
    ( '' ),
    'SwSTEP 2.0',
    'SolidWorks 2025',
    '' );
FILE_SCHEMA (( 'AUTOMOTIVE_DESIGN' ));
ENDSEC;

DATA;
#1 = CIRCLE ( 'NONE', #1691, 1.550000000000000933 ) ;
#2 = ORIENTED_EDGE ( 'NONE', *, *, #79, .F. ) ;
#3 = FILL_AREA_STYLE_COLOUR ( '', #26 ) ;
#4 = LINE ( 'NONE', #1863, #790 ) ;
#5 = PLANE ( 'NONE',  #1222 ) ;
#6 = VERTEX_POINT ( 'NONE', #882 ) ;
#7 = LINE ( 'NONE', #1907, #2144 ) ;
#8 = CARTESIAN_POINT ( 'NONE',  ( 0.000000000000000000, -52.00000000000000000, 0.000000000000000000 ) ) ;
#9 = CIRCLE ( 'NONE', #2008, 1.550000000000000488 ) ;
#10 = ORIENTED_EDGE ( 'NONE', *, *, #2133, .F. ) ;
#11 = CARTESIAN_POINT ( 'NONE',  ( 6.121106893580527064, -8.383117670029035295, -1.000000000000000222 ) ) ;
#12 = AXIS2_PLACEMENT_3D ( 'NONE', #1228, #116, #1037 ) ;
#13 = CARTESIAN_POINT ( 'NONE',  ( 0.000000000000000000, -52.00000000000000000, 0.000000000000000000 ) ) ;
#14 = DIRECTION ( 'NONE',  ( -0.000000000000000000, -1.000000000000000000, -0.000000000000000000 ) ) ;
#15 = EDGE_CURVE ( 'NONE', #1156, #242, #1601, .T. ) ;
#16 = CIRCLE ( 'NONE', #2137, 6.000000000000000888 ) ;
#17 = ORIENTED_EDGE ( 'NONE', *, *, #1425, .T. ) ;
#18 = CARTESIAN_POINT ( 'NONE',  ( 5.916079783099616130, -33.00000000000000711, -1.000000000000000000 ) ) ;
#19 = EDGE_CURVE ( 'NONE', #1168, #1003, #1611, .T. ) ;
#20 = EDGE_LOOP ( 'NONE', ( #700, #555, #1944, #2371 ) ) ;
#21 = CARTESIAN_POINT ( 'NONE',  ( 8.395570613868308385, -18.00000000000000355, 3.000000000000000000 ) ) ;
#22 = DIRECTION ( 'NONE',  ( 1.000000000000000000, 0.000000000000000000, 1.445602896647339163E-16 ) ) ;
#23 = AXIS2_PLACEMENT_3D ( 'NONE', #761, #398, #1880 ) ;
#24 = ORIENTED_EDGE ( 'NONE', *, *, #1409, .F. ) ;
#25 = LINE ( 'NONE', #38, #2354 ) ;
#26 = COLOUR_RGB ( '',0.7921568627450980005, 0.8196078431372548767, 0.9333333333333333481 ) ;
#27 = DIRECTION ( 'NONE',  ( 0.000000000000000000, -1.000000000000000000, -0.000000000000000000 ) ) ;
#28 = EDGE_LOOP ( 'NONE', ( #334, #418, #1063, #777 ) ) ;
#29 = PRODUCT_RELATED_PRODUCT_CATEGORY ( 'part', '', ( #2125 ) ) ;
#30 = CARTESIAN_POINT ( 'NONE',  ( 0.000000000000000000, 0.000000000000000000, 8.999999999999998224 ) ) ;
#31 = CIRCLE ( 'NONE', #1401, 5.750000000000000000 ) ;
#32 = ORIENTED_EDGE ( 'NONE', *, *, #963, .F. ) ;
#33 = CARTESIAN_POINT ( 'NONE',  ( 4.643543905251676485, -43.00000000000000000, -2.999999999999999112 ) ) ;
#34 = CARTESIAN_POINT ( 'NONE',  ( 0.000000000000000000, -13.00000000000000178, 0.000000000000000000 ) ) ;
#35 = DIRECTION ( 'NONE',  ( -0.000000000000000000, -1.000000000000000000, -0.000000000000000000 ) ) ;
#36 = EDGE_CURVE ( 'NONE', #1933, #868, #2365, .T. ) ;
#37 = EDGE_LOOP ( 'NONE', ( #624, #1213, #551, #194 ) ) ;
#38 = CARTESIAN_POINT ( 'NONE',  ( 10.64354390525167737, -43.00000000000000000, 0.9999999999999991118 ) ) ;
#39 = EDGE_CURVE ( 'NONE', #2140, #165, #691, .T. ) ;
#40 = DIRECTION ( 'NONE',  ( 0.000000000000000000, 1.000000000000000000, 0.000000000000000000 ) ) ;
#41 = CARTESIAN_POINT ( 'NONE',  ( 4.643543905251678261, -52.26665607571278827, 0.9999999999999995559 ) ) ;
#42 = EDGE_LOOP ( 'NONE', ( #1739, #1110, #1685, #1114 ) ) ;
#43 = CARTESIAN_POINT ( 'NONE',  ( 4.643543905251676485, -8.000000000000000000, -1.000000000000000000 ) ) ;
#44 = VERTEX_POINT ( 'NONE', #2018 ) ;
#45 = DIRECTION ( 'NONE',  ( 0.000000000000000000, -0.000000000000000000, 1.000000000000000000 ) ) ;
#46 = DIRECTION ( 'NONE',  ( 0.000000000000000000, -1.000000000000000000, 0.000000000000000000 ) ) ;
#47 = CARTESIAN_POINT ( 'NONE',  ( 5.817072295949926440E-16, -52.00000000000000000, -4.750000000000000000 ) ) ;
#48 = AXIS2_PLACEMENT_3D ( 'NONE', #506, #1218, #1256 ) ;
#49 = ADVANCED_FACE ( 'NONE', ( #2202 ), #645, .F. ) ;
#50 = ORIENTED_EDGE ( 'NONE', *, *, #577, .T. ) ;
#51 = DIRECTION ( 'NONE',  ( 0.000000000000000000, -1.000000000000000000, 0.000000000000000000 ) ) ;
#52 = EDGE_CURVE ( 'NONE', #802, #2106, #2154, .T. ) ;
#53 = CARTESIAN_POINT ( 'NONE',  ( 5.916079783099615241, -53.00000000000000000, -0.9999999999999995559 ) ) ;
#54 = CARTESIAN_POINT ( 'NONE',  ( 7.500000000000004441, -5.000000000000000000, -6.000000000000004441 ) ) ;
#55 = CIRCLE ( 'NONE', #1420, 3.000000000000000444 ) ;
#56 = ORIENTED_EDGE ( 'NONE', *, *, #2342, .F. ) ;
#57 = ORIENTED_EDGE ( 'NONE', *, *, #2040, .F. ) ;
#58 = VECTOR ( 'NONE', #380, 1000.000000000000000 ) ;
#59 = DIRECTION ( 'NONE',  ( -1.224646799147353454E-16, 0.000000000000000000, -1.000000000000000000 ) ) ;
#60 = DIRECTION ( 'NONE',  ( -0.000000000000000000, 1.000000000000000000, -0.000000000000000000 ) ) ;
#61 = CIRCLE ( 'NONE', #904, 6.000000000000000888 ) ;
#62 = VECTOR ( 'NONE', #1639, 1000.000000000000000 ) ;
#63 = VERTEX_POINT ( 'NONE', #330 ) ;
#64 = LINE ( 'NONE', #803, #112 ) ;
#65 = CARTESIAN_POINT ( 'NONE',  ( 10.64354390525167737, -33.00000000000000711, -2.999999999999999112 ) ) ;
#66 = EDGE_LOOP ( 'NONE', ( #918, #2214, #281, #1940 ) ) ;
#67 = DIRECTION ( 'NONE',  ( 0.000000000000000000, 0.000000000000000000, -1.000000000000000000 ) ) ;
#68 = EDGE_CURVE ( 'NONE', #1475, #855, #679, .T. ) ;
#69 = ORIENTED_EDGE ( 'NONE', *, *, #1598, .F. ) ;
#70 = VERTEX_POINT ( 'NONE', #113 ) ;
#71 = DIRECTION ( 'NONE',  ( 0.000000000000000000, 0.000000000000000000, -1.000000000000000000 ) ) ;
#72 = CARTESIAN_POINT ( 'NONE',  ( -12.00000000000000000, 6.000000000000000000, 4.189777606611760026E-14 ) ) ;
#73 = EDGE_LOOP ( 'NONE', ( #32, #1991, #2204, #407 ) ) ;
#74 = CARTESIAN_POINT ( 'NONE',  ( 0.000000000000000000, -53.00000000000000000, 0.000000000000000000 ) ) ;
#75 = AXIS2_PLACEMENT_3D ( 'NONE', #1355, #228, #563 ) ;
#76 = CYLINDRICAL_SURFACE ( 'NONE', #314, 1.549999999999999378 ) ;
#77 = LINE ( 'NONE', #234, #1229 ) ;
#78 = AXIS2_PLACEMENT_3D ( 'NONE', #159, #186, #1307 ) ;
#79 = EDGE_CURVE ( 'NONE', #1210, #1343, #773, .T. ) ;
#80 = ORIENTED_EDGE ( 'NONE', *, *, #2342, .T. ) ;
#81 = CARTESIAN_POINT ( 'NONE',  ( 0.000000000000000000, -9.000000000000001776, -7.000000000000000888 ) ) ;
#82 = ADVANCED_FACE ( 'NONE', ( #304, #2355, #1809 ), #499, .F. ) ;
#83 = ORIENTED_EDGE ( 'NONE', *, *, #948, .T. ) ;
#84 = CARTESIAN_POINT ( 'NONE',  ( 7.041719095097280880E-16, -52.00000000000000000, 5.750000000000000000 ) ) ;
#85 = CARTESIAN_POINT ( 'NONE',  ( 0.000000000000000000, -53.00000000000000000, 0.000000000000000000 ) ) ;
#86 = ORIENTED_EDGE ( 'NONE', *, *, #872, .F. ) ;
#87 = VECTOR ( 'NONE', #676, 1000.000000000000000 ) ;
#88 = CARTESIAN_POINT ( 'NONE',  ( -8.999999999999998224, 0.000000000000000000, 4.218689664544707022E-14 ) ) ;
#89 = AXIS2_PLACEMENT_3D ( 'NONE', #404, #967, #1563 ) ;
#90 = VECTOR ( 'NONE', #2337, 1000.000000000000000 ) ;
#91 = VERTEX_POINT ( 'NONE', #2067 ) ;
#92 = LINE ( 'NONE', #2155, #754 ) ;
#93 = EDGE_CURVE ( 'NONE', #1650, #1426, #466, .T. ) ;
#94 = EDGE_LOOP ( 'NONE', ( #157, #533, #1843, #1743 ) ) ;
#95 = DIRECTION ( 'NONE',  ( 0.000000000000000000, 1.000000000000000000, 0.000000000000000000 ) ) ;
#96 = DIRECTION ( 'NONE',  ( 0.000000000000000000, -1.000000000000000000, 0.000000000000000000 ) ) ;
#97 = FACE_OUTER_BOUND ( 'NONE', #252, .T. ) ;
#98 = ADVANCED_FACE ( 'NONE', ( #2218 ), #381, .F. ) ;
#99 = VECTOR ( 'NONE', #2367, 1000.000000000000000 ) ;
#100 = ORIENTED_EDGE ( 'NONE', *, *, #655, .F. ) ;
#101 = CARTESIAN_POINT ( 'NONE',  ( 4.643543905251675596, -13.00000000000000178, 3.000000000000000888 ) ) ;
#102 = ORIENTED_EDGE ( 'NONE', *, *, #1485, .T. ) ;
#103 = CIRCLE ( 'NONE', #526, 1.550000000000000933 ) ;
#104 = DIRECTION ( 'NONE',  ( -2.891205793294678326E-16, -0.000000000000000000, 1.000000000000000000 ) ) ;
#105 = ORIENTED_EDGE ( 'NONE', *, *, #946, .F. ) ;
#106 = DIRECTION ( 'NONE',  ( 0.000000000000000000, -1.000000000000000000, 0.000000000000000000 ) ) ;
#107 = DIRECTION ( 'NONE',  ( 1.000000000000000000, 0.000000000000000000, -0.000000000000000000 ) ) ;
#108 = CARTESIAN_POINT ( 'NONE',  ( -8.379555213223521315E-14, 13.00000000000000000, 12.00000000000000178 ) ) ;
#109 = EDGE_CURVE ( 'NONE', #852, #1453, #2081, .T. ) ;
#110 = VERTEX_POINT ( 'NONE', #525 ) ;
#111 = LINE ( 'NONE', #850, #1810 ) ;
#112 = VECTOR ( 'NONE', #1383, 1000.000000000000000 ) ;
#113 = CARTESIAN_POINT ( 'NONE',  ( -12.00000000000000000, 0.000000000000000000, -2.999999999999958256 ) ) ;
#114 = ORIENTED_EDGE ( 'NONE', *, *, #1851, .T. ) ;
#115 = DIRECTION ( 'NONE',  ( 0.000000000000000000, -0.000000000000000000, -1.000000000000000000 ) ) ;
#116 = DIRECTION ( 'NONE',  ( -0.000000000000000000, -0.000000000000000000, 1.000000000000000000 ) ) ;
#117 = ORIENTED_EDGE ( 'NONE', *, *, #1362, .T. ) ;
#118 = DIRECTION ( 'NONE',  ( 0.000000000000000000, 0.000000000000000000, -1.000000000000000000 ) ) ;
#119 = EDGE_CURVE ( 'NONE', #1003, #2210, #1767, .T. ) ;
#120 = CARTESIAN_POINT ( 'NONE',  ( 9.945570613868307319, -18.00000000000000355, 1.000000000000001332 ) ) ;
#121 = VECTOR ( 'NONE', #2385, 1000.000000000000000 ) ;
#122 = VERTEX_POINT ( 'NONE', #1113 ) ;
#123 = ADVANCED_FACE ( 'NONE', ( #197, #2039 ), #932, .F. ) ;
#124 = EDGE_LOOP ( 'NONE', ( #1643, #2387 ) ) ;
#125 = ORIENTED_EDGE ( 'NONE', *, *, #1055, .T. ) ;
#126 = CARTESIAN_POINT ( 'NONE',  ( 10.64354390525167737, -13.00000000000000178, -2.999999999999999112 ) ) ;
#127 = CARTESIAN_POINT ( 'NONE',  ( 4.670725733218267450, -52.26411630165665656, -1.000000000000000666 ) ) ;
#128 = CYLINDRICAL_SURFACE ( 'NONE', #1707, 6.000000000000000888 ) ;
#129 = AXIS2_PLACEMENT_3D ( 'NONE', #108, #1583, #2325 ) ;
#130 = ORIENTED_EDGE ( 'NONE', *, *, #1872, .T. ) ;
#131 = DIRECTION ( 'NONE',  ( 0.000000000000000000, 1.000000000000000000, -0.000000000000000000 ) ) ;
#132 = FACE_BOUND ( 'NONE', #2019, .T. ) ;
#133 = ORIENTED_EDGE ( 'NONE', *, *, #536, .F. ) ;
#134 = EDGE_CURVE ( 'NONE', #1210, #350, #1875, .T. ) ;
#135 = EDGE_CURVE ( 'NONE', #203, #350, #1205, .T. ) ;
#136 = ORIENTED_EDGE ( 'NONE', *, *, #477, .F. ) ;
#137 = CIRCLE ( 'NONE', #642, 1.549999999999999378 ) ;
#138 = AXIS2_PLACEMENT_3D ( 'NONE', #81, #601, #820 ) ;
#139 = VERTEX_POINT ( 'NONE', #172 ) ;
#140 = FACE_OUTER_BOUND ( 'NONE', #541, .T. ) ;
#141 = CARTESIAN_POINT ( 'NONE',  ( 0.000000000000000000, -53.00000000000000000, 0.000000000000000000 ) ) ;
#142 = AXIS2_PLACEMENT_3D ( 'NONE', #1753, #1926, #1364 ) ;
#143 = ORIENTED_EDGE ( 'NONE', *, *, #254, .T. ) ;
#144 = DIRECTION ( 'NONE',  ( -0.000000000000000000, -0.000000000000000000, 1.000000000000000000 ) ) ;
#145 = LINE ( 'NONE', #496, #822 ) ;
#146 = ORIENTED_EDGE ( 'NONE', *, *, #577, .F. ) ;
#147 = DIRECTION ( 'NONE',  ( -1.000000000000000000, 0.000000000000000000, -2.797941090285169632E-16 ) ) ;
#148 = ORIENTED_EDGE ( 'NONE', *, *, #1039, .F. ) ;
#149 = ADVANCED_FACE ( 'NONE', ( #1124 ), #1695, .F. ) ;
#150 = EDGE_LOOP ( 'NONE', ( #1580, #2341 ) ) ;
#151 = DIRECTION ( 'NONE',  ( 0.000000000000000000, 1.000000000000000000, 0.000000000000000000 ) ) ;
#152 = FACE_OUTER_BOUND ( 'NONE', #1446, .T. ) ;
#153 = LINE ( 'NONE', #1289, #326 ) ;
#154 = ADVANCED_FACE ( 'NONE', ( #2438 ), #1654, .F. ) ;
#155 = EDGE_LOOP ( 'NONE', ( #227, #1007, #2230, #2252 ) ) ;
#156 = CARTESIAN_POINT ( 'NONE',  ( 4.643543905251676485, -23.00000000000000355, 1.000000000000000000 ) ) ;
#157 = ORIENTED_EDGE ( 'NONE', *, *, #2321, .F. ) ;
#158 = CARTESIAN_POINT ( 'NONE',  ( -12.00000000000000000, 13.00000000000000000, -1.550000000000126166 ) ) ;
#159 = CARTESIAN_POINT ( 'NONE',  ( -12.00000000000000000, 6.000000000000000000, 4.189777606611760026E-14 ) ) ;
#160 = ORIENTED_EDGE ( 'NONE', *, *, #503, .F. ) ;
#161 = DIRECTION ( 'NONE',  ( -0.000000000000000000, -1.000000000000000000, -0.000000000000000000 ) ) ;
#162 = DIRECTION ( 'NONE',  ( 0.000000000000000000, 1.000000000000000000, -0.000000000000000000 ) ) ;
#163 = EDGE_CURVE ( 'NONE', #636, #1949, #2228, .T. ) ;
#164 = CIRCLE ( 'NONE', #1016, 3.000000000000000444 ) ;
#165 = VERTEX_POINT ( 'NONE', #752 ) ;
#166 = DIRECTION ( 'NONE',  ( -8.881784197001252323E-16, 0.000000000000000000, -1.000000000000000000 ) ) ;
#167 = DIRECTION ( 'NONE',  ( -0.000000000000000000, -1.000000000000000000, -0.000000000000000000 ) ) ;
#168 = EDGE_CURVE ( 'NONE', #1178, #187, #1138, .T. ) ;
#169 = AXIS2_PLACEMENT_3D ( 'NONE', #923, #151, #2042 ) ;
#170 = ORIENTED_EDGE ( 'NONE', *, *, #1764, .T. ) ;
#171 = CARTESIAN_POINT ( 'NONE',  ( 0.000000000000000000, 6.000000000000000000, -15.00000000000000355 ) ) ;
#172 = CARTESIAN_POINT ( 'NONE',  ( 6.843543905251675774, -38.00000000000000711, 1.000000000000000444 ) ) ;
#173 = AXIS2_PLACEMENT_3D ( 'NONE', #856, #723, #118 ) ;
#174 = CIRCLE ( 'NONE', #907, 1.549999999999999378 ) ;
#175 = EDGE_LOOP ( 'NONE', ( #783, #578, #2357, #2002 ) ) ;
#176 = CARTESIAN_POINT ( 'NONE',  ( 8.395570613868308385, -18.00000000000000355, 1.000000000000000888 ) ) ;
#177 = CARTESIAN_POINT ( 'NONE',  ( 10.64354390525167737, -23.00000000000000355, 0.9999999999999991118 ) ) ;
#178 = DIRECTION ( 'NONE',  ( -0.000000000000000000, 1.000000000000000000, -0.000000000000000000 ) ) ;
#179 = ORIENTED_EDGE ( 'NONE', *, *, #1824, .F. ) ;
#180 = DIRECTION ( 'NONE',  ( 0.000000000000000000, 0.000000000000000000, 1.000000000000000000 ) ) ;
#181 = CARTESIAN_POINT ( 'NONE',  ( 0.000000000000000000, -53.00000000000000000, 4.750000000000000000 ) ) ;
#182 = FACE_OUTER_BOUND ( 'NONE', #414, .T. ) ;
#183 = ADVANCED_FACE ( 'NONE', ( #211 ), #1284, .T. ) ;
#184 = ORIENTED_EDGE ( 'NONE', *, *, #1499, .F. ) ;
#185 = FACE_OUTER_BOUND ( 'NONE', #1448, .T. ) ;
#186 = DIRECTION ( 'NONE',  ( 0.000000000000000000, -1.000000000000000000, 0.000000000000000000 ) ) ;
#187 = VERTEX_POINT ( 'NONE', #2029 ) ;
#188 = DIRECTION ( 'NONE',  ( 2.312964634635743450E-16, 2.891205793294679312E-16, -1.000000000000000000 ) ) ;
#189 = FACE_OUTER_BOUND ( 'NONE', #353, .T. ) ;
#190 = VECTOR ( 'NONE', #950, 1000.000000000000000 ) ;
#191 = ORIENTED_EDGE ( 'NONE', *, *, #267, .T. ) ;
#192 = CARTESIAN_POINT ( 'NONE',  ( 7.500000000000004441, -1.000000000000000444, -6.000000000000003553 ) ) ;
#193 = CARTESIAN_POINT ( 'NONE',  ( 0.000000000000000000, -23.00000000000000355, 0.000000000000000000 ) ) ;
#194 = ORIENTED_EDGE ( 'NONE', *, *, #1300, .F. ) ;
#195 = ADVANCED_FACE ( 'NONE', ( #2400 ), #1970, .F. ) ;
#196 = DIRECTION ( 'NONE',  ( 0.000000000000000000, 0.000000000000000000, -1.000000000000000000 ) ) ;
#197 = FACE_BOUND ( 'NONE', #37, .T. ) ;
#198 = EDGE_CURVE ( 'NONE', #391, #458, #892, .T. ) ;
#199 = ORIENTED_EDGE ( 'NONE', *, *, #1317, .T. ) ;
#200 =( NAMED_UNIT ( * ) SI_UNIT ( $, .STERADIAN. ) SOLID_ANGLE_UNIT ( ) );
#201 = DIRECTION ( 'NONE',  ( 0.000000000000000000, -1.000000000000000000, 0.000000000000000000 ) ) ;
#202 = DIRECTION ( 'NONE',  ( 2.418923110329417172E-16, 0.000000000000000000, -1.000000000000000000 ) ) ;
#203 = VERTEX_POINT ( 'NONE', #1762 ) ;
#204 = DIRECTION ( 'NONE',  ( -2.312964634635742957E-16, -0.000000000000000000, 1.000000000000000000 ) ) ;
#205 = AXIS2_PLACEMENT_3D ( 'NONE', #1197, #792, #222 ) ;
#206 = CARTESIAN_POINT ( 'NONE',  ( 12.00000000000000178, 13.00000000000000000, 4.189777606611760657E-14 ) ) ;
#207 = VECTOR ( 'NONE', #1214, 1000.000000000000000 ) ;
#208 = VERTEX_POINT ( 'NONE', #1954 ) ;
#209 = DIRECTION ( 'NONE',  ( 0.000000000000000000, -0.000000000000000000, -1.000000000000000000 ) ) ;
#210 = CIRCLE ( 'NONE', #1385, 3.000000000000000444 ) ;
#211 = FACE_OUTER_BOUND ( 'NONE', #1633, .T. ) ;
#212 = VECTOR ( 'NONE', #720, 1000.000000000000000 ) ;
#213 = EDGE_CURVE ( 'NONE', #468, #1500, #2291, .T. ) ;
#214 = ORIENTED_EDGE ( 'NONE', *, *, #1761, .F. ) ;
#215 = ORIENTED_EDGE ( 'NONE', *, *, #1137, .T. ) ;
#216 = CARTESIAN_POINT ( 'NONE',  ( 5.196152422706632024, -53.00000000000000000, 3.000000000000001776 ) ) ;
#217 = CARTESIAN_POINT ( 'NONE',  ( 10.64354390525167737, -23.00000000000000355, -0.9999999999999991118 ) ) ;
#218 = CARTESIAN_POINT ( 'NONE',  ( 10.64354390525167737, -23.00000000000000355, -2.999999999999999112 ) ) ;
#219 = VECTOR ( 'NONE', #2391, 1000.000000000000000 ) ;
#220 = EDGE_LOOP ( 'NONE', ( #1044, #809, #2084, #1705, #1152, #2053, #1770, #633, #1701, #1830, #160, #1903, #1783, #2406 ) ) ;
#221 = DIRECTION ( 'NONE',  ( 1.000000000000000000, 0.000000000000000000, 0.000000000000000000 ) ) ;
#222 = DIRECTION ( 'NONE',  ( 0.000000000000000000, 0.000000000000000000, -1.000000000000000000 ) ) ;
#223 = ORIENTED_EDGE ( 'NONE', *, *, #2076, .T. ) ;
#224 = DIRECTION ( 'NONE',  ( -0.000000000000000000, -0.000000000000000000, 1.000000000000000000 ) ) ;
#225 = ADVANCED_FACE ( 'NONE', ( #1734 ), #1158, .F. ) ;
#226 = VECTOR ( 'NONE', #619, 1000.000000000000000 ) ;
#227 = ORIENTED_EDGE ( 'NONE', *, *, #93, .F. ) ;
#228 = DIRECTION ( 'NONE',  ( 2.418923110329417172E-16, 0.000000000000000000, -1.000000000000000000 ) ) ;
#229 = DIRECTION ( 'NONE',  ( -0.000000000000000000, -1.000000000000000000, -0.000000000000000000 ) ) ;
#230 = DIRECTION ( 'NONE',  ( 0.000000000000000000, 0.000000000000000000, -1.000000000000000000 ) ) ;
#231 = EDGE_CURVE ( 'NONE', #421, #1575, #1335, .T. ) ;
#232 = EDGE_LOOP ( 'NONE', ( #450, #361, #717, #2427, #1406 ) ) ;
#233 = DIRECTION ( 'NONE',  ( -0.000000000000000000, -1.000000000000000000, -0.000000000000000000 ) ) ;
#234 = CARTESIAN_POINT ( 'NONE',  ( 4.643543905251676485, -33.00000000000000711, -1.000000000000000000 ) ) ;
#235 = ORIENTED_EDGE ( 'NONE', *, *, #346, .F. ) ;
#236 = DIRECTION ( 'NONE',  ( 0.000000000000000000, 0.000000000000000000, -1.000000000000000000 ) ) ;
#237 = EDGE_CURVE ( 'NONE', #1607, #1445, #870, .T. ) ;
#238 = ORIENTED_EDGE ( 'NONE', *, *, #1457, .F. ) ;
#239 = DIRECTION ( 'NONE',  ( 0.000000000000000000, 1.000000000000000000, 0.000000000000000000 ) ) ;
#240 = FACE_BOUND ( 'NONE', #220, .T. ) ;
#241 = EDGE_CURVE ( 'NONE', #733, #1329, #2295, .T. ) ;
#242 = VERTEX_POINT ( 'NONE', #54 ) ;
#243 = PLANE ( 'NONE',  #1679 ) ;
#244 = CARTESIAN_POINT ( 'NONE',  ( 0.000000000000000000, -53.00000000000000000, 0.000000000000000000 ) ) ;
#245 = ORIENTED_EDGE ( 'NONE', *, *, #1384, .T. ) ;
#246 = FACE_BOUND ( 'NONE', #1313, .T. ) ;
#247 = ORIENTED_EDGE ( 'NONE', *, *, #1439, .F. ) ;
#248 = CARTESIAN_POINT ( 'NONE',  ( 5.916079783099615241, -8.867151734677259256, -1.000000000000000000 ) ) ;
#249 = ORIENTED_EDGE ( 'NONE', *, *, #1930, .F. ) ;
#250 = DIRECTION ( 'NONE',  ( 0.000000000000000000, -0.000000000000000000, -1.000000000000000000 ) ) ;
#251 = DIRECTION ( 'NONE',  ( 0.000000000000000000, 0.000000000000000000, -1.000000000000000000 ) ) ;
#252 = EDGE_LOOP ( 'NONE', ( #622, #2225, #1680, #890, #672, #600, #1276, #1891, #2147, #860, #661, #374 ) ) ;
#253 = CIRCLE ( 'NONE', #23, 6.000000000000000888 ) ;
#254 = EDGE_CURVE ( 'NONE', #1688, #538, #1253, .T. ) ;
#255 = DIRECTION ( 'NONE',  ( -0.000000000000000000, -0.000000000000000000, 1.000000000000000000 ) ) ;
#256 = CARTESIAN_POINT ( 'NONE',  ( 0.000000000000000000, 6.000000000000000000, -12.00000000000000178 ) ) ;
#257 = PRESENTATION_LAYER_ASSIGNMENT (  '', '', ( #680 ) ) ;
#258 = ORIENTED_EDGE ( 'NONE', *, *, #1485, .F. ) ;
#259 = LINE ( 'NONE', #1338, #2382 ) ;
#260 = UNCERTAINTY_MEASURE_WITH_UNIT (LENGTH_MEASURE( 1.000000000000000082E-05 ), #1322, 'distance_accuracy_value', 'NONE');
#261 = ORIENTED_EDGE ( 'NONE', *, *, #1452, .T. ) ;
#262 = FACE_OUTER_BOUND ( 'NONE', #20, .T. ) ;
#263 = CYLINDRICAL_SURFACE ( 'NONE', #590, 3.000000000000000444 ) ;
#264 = CARTESIAN_POINT ( 'NONE',  ( 5.817072295949926440E-16, 13.00000000000000000, 4.750000000000000000 ) ) ;
#265 = ORIENTED_EDGE ( 'NONE', *, *, #241, .F. ) ;
#266 = CARTESIAN_POINT ( 'NONE',  ( 8.395570613868308385, -18.00000000000000355, -17.00000000000000000 ) ) ;
#267 = EDGE_CURVE ( 'NONE', #2351, #1622, #1373, .T. ) ;
#268 = CARTESIAN_POINT ( 'NONE',  ( 12.00000000000000178, 6.000000000000000000, 3.000000000000042633 ) ) ;
#269 = EDGE_CURVE ( 'NONE', #868, #1246, #509, .T. ) ;
#270 = ORIENTED_EDGE ( 'NONE', *, *, #849, .F. ) ;
#271 = CARTESIAN_POINT ( 'NONE',  ( 8.572527594031474176E-16, -9.000000000000001776, 7.000000000000000888 ) ) ;
#272 = VERTEX_POINT ( 'NONE', #807 ) ;
#273 = DIRECTION ( 'NONE',  ( 0.000000000000000000, -1.000000000000000000, 0.000000000000000000 ) ) ;
#274 = FACE_OUTER_BOUND ( 'NONE', #42, .T. ) ;
#275 = ORIENTED_EDGE ( 'NONE', *, *, #2405, .F. ) ;
#276 = DIRECTION ( 'NONE',  ( -0.000000000000000000, -0.000000000000000000, 1.000000000000000000 ) ) ;
#277 = ORIENTED_EDGE ( 'NONE', *, *, #1457, .T. ) ;
#278 = VECTOR ( 'NONE', #456, 1000.000000000000000 ) ;
#279 = AXIS2_PLACEMENT_3D ( 'NONE', #542, #1291, #2047 ) ;
#280 =( NAMED_UNIT ( * ) SI_UNIT ( $, .STERADIAN. ) SOLID_ANGLE_UNIT ( ) );
#281 = ORIENTED_EDGE ( 'NONE', *, *, #378, .F. ) ;
#282 = CARTESIAN_POINT ( 'NONE',  ( -12.00000000000000000, 13.00000000000000000, 1.549999999999874589 ) ) ;
#283 = EDGE_CURVE ( 'NONE', #122, #848, #399, .T. ) ;
#284 = ORIENTED_EDGE ( 'NONE', *, *, #899, .T. ) ;
#285 = DIRECTION ( 'NONE',  ( 0.000000000000000000, 0.000000000000000000, -1.000000000000000000 ) ) ;
#286 = CARTESIAN_POINT ( 'NONE',  ( 6.665100901154574764, -8.025688794783661706, 1.000000000000000000 ) ) ;
#287 = LINE ( 'NONE', #1559, #1501 ) ;
#288 = AXIS2_PLACEMENT_3D ( 'NONE', #2240, #1484, #1682 ) ;
#289 = ORIENTED_EDGE ( 'NONE', *, *, #1365, .T. ) ;
#290 = AXIS2_PLACEMENT_3D ( 'NONE', #1508, #230, #1132 ) ;
#291 = TOROIDAL_SURFACE ( 'NONE', #1664, 5.750000000000000000, 1.000000000000000000 ) ;
#292 = FACE_OUTER_BOUND ( 'NONE', #1567, .T. ) ;
#293 = EDGE_LOOP ( 'NONE', ( #2166, #1144, #1603, #258 ) ) ;
#294 = ORIENTED_EDGE ( 'NONE', *, *, #1332, .T. ) ;
#295 = FACE_OUTER_BOUND ( 'NONE', #573, .T. ) ;
#296 = CARTESIAN_POINT ( 'NONE',  ( 4.643543905251675596, -13.00000000000000178, 3.000000000000000888 ) ) ;
#297 = CARTESIAN_POINT ( 'NONE',  ( 12.00000000000000178, 6.000000000000000000, -1.549999999999958522 ) ) ;
#298 = EDGE_CURVE ( 'NONE', #1363, #873, #77, .T. ) ;
#299 = ORIENTED_EDGE ( 'NONE', *, *, #741, .T. ) ;
#300 = ADVANCED_FACE ( 'NONE', ( #1924, #441 ), #1552, .T. ) ;
#301 = DIRECTION ( 'NONE',  ( 0.000000000000000000, 0.000000000000000000, -1.000000000000000000 ) ) ;
#302 = ORIENTED_EDGE ( 'NONE', *, *, #1712, .T. ) ;
#303 = VECTOR ( 'NONE', #586, 1000.000000000000000 ) ;
#304 = FACE_BOUND ( 'NONE', #1139, .T. ) ;
#305 = VERTEX_POINT ( 'NONE', #2308 ) ;
#306 = DIRECTION ( 'NONE',  ( 0.000000000000000000, -1.000000000000000000, 0.000000000000000000 ) ) ;
#307 = CARTESIAN_POINT ( 'NONE',  ( 5.662375826453063254, -53.00000000000000000, -1.000000000000000222 ) ) ;
#308 = CARTESIAN_POINT ( 'NONE',  ( -5.499999999999999112, -1.000000000000000444, 5.999999999999993783 ) ) ;
#309 = EDGE_CURVE ( 'NONE', #1372, #517, #174, .T. ) ;
#310 = ORIENTED_EDGE ( 'NONE', *, *, #566, .T. ) ;
#311 = CARTESIAN_POINT ( 'NONE',  ( -12.00000000000000000, 13.00000000000000000, -1.256933281983528260E-13 ) ) ;
#312 = EDGE_CURVE ( 'NONE', #1078, #2366, #1982, .T. ) ;
#313 = DIRECTION ( 'NONE',  ( 1.000000000000000000, 0.000000000000000000, 0.000000000000000000 ) ) ;
#314 = AXIS2_PLACEMENT_3D ( 'NONE', #266, #255, #221 ) ;
#315 = ORIENTED_EDGE ( 'NONE', *, *, #1238, .T. ) ;
#316 = ORIENTED_EDGE ( 'NONE', *, *, #454, .T. ) ;
#317 = AXIS2_PLACEMENT_3D ( 'NONE', #785, #1356, #1533 ) ;
#318 = ORIENTED_EDGE ( 'NONE', *, *, #1717, .T. ) ;
#319 = CARTESIAN_POINT ( 'NONE',  ( 8.572527594031474176E-16, -8.000000000000000000, 7.000000000000000888 ) ) ;
#320 = CARTESIAN_POINT ( 'NONE',  ( -8.999999999999998224, -8.000000000000000000, 8.999999999999998224 ) ) ;
#321 = CARTESIAN_POINT ( 'NONE',  ( 10.64354390525167737, -43.00000000000000000, -1.000000000000000000 ) ) ;
#322 = CARTESIAN_POINT ( 'NONE',  ( 0.000000000000000000, -23.00000000000000355, 0.000000000000000000 ) ) ;
#323 = VECTOR ( 'NONE', #473, 1000.000000000000000 ) ;
#324 = ORIENTED_EDGE ( 'NONE', *, *, #373, .T. ) ;
#325 = DIRECTION ( 'NONE',  ( -0.000000000000000000, -1.000000000000000000, -0.000000000000000000 ) ) ;
#326 = VECTOR ( 'NONE', #2056, 1000.000000000000000 ) ;
#327 = DIRECTION ( 'NONE',  ( 0.000000000000000000, 0.000000000000000000, -1.000000000000000000 ) ) ;
#328 = ORIENTED_EDGE ( 'NONE', *, *, #741, .F. ) ;
#329 = EDGE_CURVE ( 'NONE', #1669, #2351, #1174, .T. ) ;
#330 = CARTESIAN_POINT ( 'NONE',  ( 10.64354390525167737, -43.00000000000000000, 0.9999999999999991118 ) ) ;
#331 = CIRCLE ( 'NONE', #1267, 4.750000000000000000 ) ;
#332 = AXIS2_PLACEMENT_3D ( 'NONE', #746, #375, #564 ) ;
#333 = ADVANCED_FACE ( 'NONE', ( #1186 ), #291, .T. ) ;
#334 = ORIENTED_EDGE ( 'NONE', *, *, #134, .F. ) ;
#335 = DIRECTION ( 'NONE',  ( 1.000000000000000000, 0.000000000000000000, 0.000000000000000000 ) ) ;
#336 = DIRECTION ( 'NONE',  ( 0.000000000000000000, -1.000000000000000000, 0.000000000000000000 ) ) ;
#337 = CARTESIAN_POINT ( 'NONE',  ( 5.196152422706633800, -23.00000000000000355, 3.000000000000000888 ) ) ;
#338 = AXIS2_PLACEMENT_3D ( 'NONE', #1175, #224, #796 ) ;
#339 = ORIENTED_EDGE ( 'NONE', *, *, #93, .T. ) ;
#340 = PLANE ( 'NONE',  #797 ) ;
#341 = ORIENTED_EDGE ( 'NONE', *, *, #1209, .F. ) ;
#342 = FACE_BOUND ( 'NONE', #1491, .T. ) ;
#343 = AXIS2_PLACEMENT_3D ( 'NONE', #879, #1600, #2353 ) ;
#344 = ADVANCED_FACE ( 'NONE', ( #246, #2319 ), #1334, .T. ) ;
#345 = DIRECTION ( 'NONE',  ( 0.000000000000000000, 1.000000000000000000, 0.000000000000000000 ) ) ;
#346 = EDGE_CURVE ( 'NONE', #771, #1471, #486, .T. ) ;
#347 = EDGE_LOOP ( 'NONE', ( #1994, #1043 ) ) ;
#348 = CARTESIAN_POINT ( 'NONE',  ( 10.64354390525167737, -13.00000000000000178, -2.999999999999999112 ) ) ;
#349 = CARTESIAN_POINT ( 'NONE',  ( 8.484105252154705568, -8.000000000000000000, 1.000000000000000444 ) ) ;
#350 = VERTEX_POINT ( 'NONE', #1278 ) ;
#351 = DIRECTION ( 'NONE',  ( -0.000000000000000000, -0.000000000000000000, 1.000000000000000000 ) ) ;
#352 = FACE_OUTER_BOUND ( 'NONE', #2335, .T. ) ;
#353 = EDGE_LOOP ( 'NONE', ( #10, #1799, #2260, #2432, #1904, #1033, #199, #478 ) ) ;
#354 = CARTESIAN_POINT ( 'NONE',  ( 6.420901663158418593, -8.125304026013242975, -1.000000000000000000 ) ) ;
#355 = DIRECTION ( 'NONE',  ( 0.000000000000000000, 0.000000000000000000, 1.000000000000000000 ) ) ;
#356 = DIRECTION ( 'NONE',  ( 0.000000000000000000, -1.000000000000000000, 0.000000000000000000 ) ) ;
#357 = EDGE_LOOP ( 'NONE', ( #2192, #1638, #1436, #1325 ) ) ;
#358 = CARTESIAN_POINT ( 'NONE',  ( 10.64354390525167737, -13.00000000000000178, -0.9999999999999991118 ) ) ;
#359 = LINE ( 'NONE', #2246, #2343 ) ;
#360 = EDGE_CURVE ( 'NONE', #2235, #983, #1251, .T. ) ;
#361 = ORIENTED_EDGE ( 'NONE', *, *, #1668, .F. ) ;
#362 = CYLINDRICAL_SURFACE ( 'NONE', #332, 3.000000000000000888 ) ;
#363 = LINE ( 'NONE', #786, #1424 ) ;
#364 = CIRCLE ( 'NONE', #169, 6.000000000000000888 ) ;
#365 = ORIENTED_EDGE ( 'NONE', *, *, #1269, .T. ) ;
#366 = DIRECTION ( 'NONE',  ( -0.000000000000000000, 0.000000000000000000, -1.000000000000000000 ) ) ;
#367 = VECTOR ( 'NONE', #739, 1000.000000000000000 ) ;
#368 = DIRECTION ( 'NONE',  ( 0.000000000000000000, -1.000000000000000000, 0.000000000000000000 ) ) ;
#369 = VECTOR ( 'NONE', #1521, 1000.000000000000000 ) ;
#370 = ORIENTED_EDGE ( 'NONE', *, *, #2153, .F. ) ;
#371 = DIRECTION ( 'NONE',  ( 0.000000000000000000, -1.000000000000000000, 0.000000000000000000 ) ) ;
#372 = CYLINDRICAL_SURFACE ( 'NONE', #2050, 4.750000000000000000 ) ;
#373 = EDGE_CURVE ( 'NONE', #832, #2284, #1469, .T. ) ;
#374 = ORIENTED_EDGE ( 'NONE', *, *, #2424, .T. ) ;
#375 = DIRECTION ( 'NONE',  ( -0.000000000000000000, -1.000000000000000000, -0.000000000000000000 ) ) ;
#376 = FACE_OUTER_BOUND ( 'NONE', #1856, .T. ) ;
#377 = AXIS2_PLACEMENT_3D ( 'NONE', #30, #1556, #2311 ) ;
#378 = EDGE_CURVE ( 'NONE', #464, #1182, #714, .T. ) ;
#379 = ORIENTED_EDGE ( 'NONE', *, *, #1984, .F. ) ;
#380 = DIRECTION ( 'NONE',  ( -0.000000000000000000, -1.000000000000000000, -0.000000000000000000 ) ) ;
#381 = PLANE ( 'NONE',  #2156 ) ;
#382 = ORIENTED_EDGE ( 'NONE', *, *, #2226, .T. ) ;
#383 = LINE ( 'NONE', #1101, #977 ) ;
#384 = CARTESIAN_POINT ( 'NONE',  ( 12.00000000000000178, 6.000000000000000000, 3.000000000000042633 ) ) ;
#385 = CARTESIAN_POINT ( 'NONE',  ( -12.00000000000000000, 6.000000000000000000, 3.000000000000042633 ) ) ;
#386 = CIRCLE ( 'NONE', #1763, 16.50000000000000000 ) ;
#387 = EDGE_LOOP ( 'NONE', ( #559, #928, #2072, #1697 ) ) ;
#388 = VECTOR ( 'NONE', #2344, 1000.000000000000000 ) ;
#389 = CARTESIAN_POINT ( 'NONE',  ( 4.643543905251676485, -23.00000000000000355, -3.000000000000000000 ) ) ;
#390 = LINE ( 'NONE', #1729, #1023 ) ;
#391 = VERTEX_POINT ( 'NONE', #2395 ) ;
#392 = EDGE_CURVE ( 'NONE', #2046, #2423, #697, .T. ) ;
#393 = CARTESIAN_POINT ( 'NONE',  ( -8.379555213223521315E-14, 13.00000000000000000, 10.45000000000000107 ) ) ;
#394 = AXIS2_PLACEMENT_3D ( 'NONE', #426, #1640, #2238 ) ;
#395 = EDGE_LOOP ( 'NONE', ( #223, #512, #56, #310 ) ) ;
#396 = CARTESIAN_POINT ( 'NONE',  ( 0.000000000000000000, 13.00000000000000000, 0.000000000000000000 ) ) ;
#397 = VERTEX_POINT ( 'NONE', #2036 ) ;
#398 = DIRECTION ( 'NONE',  ( 0.000000000000000000, -1.000000000000000000, 0.000000000000000000 ) ) ;
#399 = CIRCLE ( 'NONE', #1350, 4.750000000000000000 ) ;
#400 = DIRECTION ( 'NONE',  ( 0.000000000000000000, 1.000000000000000000, 0.000000000000000000 ) ) ;
#401 = CIRCLE ( 'NONE', #2331, 1.550000000000000933 ) ;
#402 = ORIENTED_EDGE ( 'NONE', *, *, #536, .T. ) ;
#403 = EDGE_CURVE ( 'NONE', #949, #2386, #505, .T. ) ;
#404 = CARTESIAN_POINT ( 'NONE',  ( 8.393543905251677373, -38.00000000000000711, -2.999999999999999112 ) ) ;
#405 = AXIS2_PLACEMENT_3D ( 'NONE', #1890, #202, #1112 ) ;
#406 = ADVANCED_FACE ( 'NONE', ( #1454 ), #532, .F. ) ;
#407 = ORIENTED_EDGE ( 'NONE', *, *, #309, .T. ) ;
#408 = LINE ( 'NONE', #385, #1588 ) ;
#409 = CARTESIAN_POINT ( 'NONE',  ( 8.484105252154705568, -8.000000000000000000, 1.000000000000000444 ) ) ;
#410 = ORIENTED_EDGE ( 'NONE', *, *, #36, .T. ) ;
#411 = DIRECTION ( 'NONE',  ( 1.000000000000000000, 0.000000000000000000, 0.000000000000000000 ) ) ;
#412 = CARTESIAN_POINT ( 'NONE',  ( 10.64354390525167737, -13.00000000000000178, 0.9999999999999991118 ) ) ;
#413 = DIRECTION ( 'NONE',  ( 0.000000000000000000, 0.000000000000000000, -1.000000000000000000 ) ) ;
#414 = EDGE_LOOP ( 'NONE', ( #1220, #2419, #80, #1201 ) ) ;
#415 = CARTESIAN_POINT ( 'NONE',  ( 0.000000000000000000, 0.000000000000000000, 0.000000000000000000 ) ) ;
#416 = CARTESIAN_POINT ( 'NONE',  ( 0.000000000000000000, -23.00000000000000355, 0.000000000000000000 ) ) ;
#417 = ADVANCED_FACE ( 'NONE', ( #1064 ), #340, .T. ) ;
#418 = ORIENTED_EDGE ( 'NONE', *, *, #79, .T. ) ;
#419 = DIRECTION ( 'NONE',  ( 0.000000000000000000, 0.000000000000000000, -1.000000000000000000 ) ) ;
#420 = ADVANCED_FACE ( 'NONE', ( #352 ), #1241, .F. ) ;
#421 = VERTEX_POINT ( 'NONE', #518 ) ;
#422 = CARTESIAN_POINT ( 'NONE',  ( 0.000000000000000000, 6.000000000000000000, -12.00000000000000178 ) ) ;
#423 = CARTESIAN_POINT ( 'NONE',  ( 4.643543905251676485, -33.00000000000000711, -2.999999999999999112 ) ) ;
#424 = ORIENTED_EDGE ( 'NONE', *, *, #163, .F. ) ;
#425 = CARTESIAN_POINT ( 'NONE',  ( 0.000000000000000000, -52.00000000000000000, 0.000000000000000000 ) ) ;
#426 = CARTESIAN_POINT ( 'NONE',  ( 0.000000000000000000, 0.000000000000000000, 0.000000000000000000 ) ) ;
#427 = DIRECTION ( 'NONE',  ( 0.000000000000000000, 0.000000000000000000, -1.000000000000000000 ) ) ;
#428 = CARTESIAN_POINT ( 'NONE',  ( 5.398476229764109569, -52.97443899393585554, 0.9999999999999997780 ) ) ;
#429 = VERTEX_POINT ( 'NONE', #2025 ) ;
#430 = CIRCLE ( 'NONE', #2126, 4.750000000000000000 ) ;
#431 = VERTEX_POINT ( 'NONE', #1775 ) ;
#432 = LINE ( 'NONE', #33, #1564 ) ;
#433 = DIRECTION ( 'NONE',  ( 0.000000000000000000, 0.000000000000000000, -1.000000000000000000 ) ) ;
#434 = PLANE ( 'NONE',  #941 ) ;
#435 = EDGE_CURVE ( 'NONE', #1475, #2235, #1094, .T. ) ;
#436 = ORIENTED_EDGE ( 'NONE', *, *, #1006, .F. ) ;
#437 = CARTESIAN_POINT ( 'NONE',  ( 6.795399136953483854, -8.000000000000000000, -1.000000000000000000 ) ) ;
#438 = AXIS2_PLACEMENT_3D ( 'NONE', #84, #1379, #59 ) ;
#439 = DIRECTION ( 'NONE',  ( 0.000000000000000000, -1.000000000000000000, -0.000000000000000000 ) ) ;
#440 = ORIENTED_EDGE ( 'NONE', *, *, #597, .F. ) ;
#441 = FACE_OUTER_BOUND ( 'NONE', #823, .T. ) ;
#442 = VERTEX_POINT ( 'NONE', #1844 ) ;
#443 = DIRECTION ( 'NONE',  ( 0.000000000000000000, 1.000000000000000000, 0.000000000000000000 ) ) ;
#444 = AXIS2_PLACEMENT_3D ( 'NONE', #1800, #306, #1045 ) ;
#445 = VERTEX_POINT ( 'NONE', #1652 ) ;
#446 = DIRECTION ( 'NONE',  ( 0.000000000000000000, 0.000000000000000000, -1.000000000000000000 ) ) ;
#447 = CARTESIAN_POINT ( 'NONE',  ( 0.000000000000000000, 13.00000000000000000, 0.000000000000000000 ) ) ;
#448 = DIRECTION ( 'NONE',  ( 2.891205793294678326E-16, 0.000000000000000000, -1.000000000000000000 ) ) ;
#449 = ADVANCED_FACE ( 'NONE', ( #2408 ), #710, .F. ) ;
#450 = ORIENTED_EDGE ( 'NONE', *, *, #1836, .F. ) ;
#451 = DIRECTION ( 'NONE',  ( 1.000000000000000000, 0.000000000000000000, 2.797941090285171111E-16 ) ) ;
#452 = AXIS2_PLACEMENT_3D ( 'NONE', #1102, #1490, #1299 ) ;
#453 = VECTOR ( 'NONE', #1008, 1000.000000000000000 ) ;
#454 = EDGE_CURVE ( 'NONE', #2284, #2401, #1550, .T. ) ;
#455 = DIRECTION ( 'NONE',  ( 0.000000000000000000, 0.000000000000000000, 1.000000000000000000 ) ) ;
#456 = DIRECTION ( 'NONE',  ( -2.891205793294678326E-16, -0.000000000000000000, 1.000000000000000000 ) ) ;
#457 = CIRCLE ( 'NONE', #2266, 4.750000000000000000 ) ;
#458 = VERTEX_POINT ( 'NONE', #1050 ) ;
#459 = CYLINDRICAL_SURFACE ( 'NONE', #338, 1.549999999999999378 ) ;
#460 = EDGE_LOOP ( 'NONE', ( #86, #647 ) ) ;
#461 = CARTESIAN_POINT ( 'NONE',  ( 12.00000000000000178, 6.000000000000000000, 4.189777606611760657E-14 ) ) ;
#462 = DIRECTION ( 'NONE',  ( -1.000000000000000000, 0.000000000000000000, -2.418923110329416679E-16 ) ) ;
#463 = VECTOR ( 'NONE', #2073, 1000.000000000000000 ) ;
#464 = VERTEX_POINT ( 'NONE', #1616 ) ;
#465 = DIRECTION ( 'NONE',  ( -0.000000000000000000, -1.000000000000000000, -0.000000000000000000 ) ) ;
#466 = CIRCLE ( 'NONE', #78, 3.000000000000000444 ) ;
#467 = EDGE_CURVE ( 'NONE', #442, #1989, #61, .T. ) ;
#468 = VERTEX_POINT ( 'NONE', #2186 ) ;
#469 = CYLINDRICAL_SURFACE ( 'NONE', #2063, 16.50000000000000000 ) ;
#470 = ORIENTED_EDGE ( 'NONE', *, *, #2180, .T. ) ;
#471 = DIRECTION ( 'NONE',  ( 1.000000000000000000, 0.000000000000000000, 0.000000000000000000 ) ) ;
#472 = CYLINDRICAL_SURFACE ( 'NONE', #630, 16.50000000000000000 ) ;
#473 = DIRECTION ( 'NONE',  ( -0.000000000000000000, -1.000000000000000000, -0.000000000000000000 ) ) ;
#474 = EDGE_LOOP ( 'NONE', ( #530, #925, #1389, #2127 ) ) ;
#475 = CARTESIAN_POINT ( 'NONE',  ( 10.64354390525167737, -13.00000000000000178, 3.000000000000001776 ) ) ;
#476 = VECTOR ( 'NONE', #1728, 1000.000000000000000 ) ;
#477 = EDGE_CURVE ( 'NONE', #768, #2235, #674, .T. ) ;
#478 = ORIENTED_EDGE ( 'NONE', *, *, #821, .F. ) ;
#479 = ADVANCED_FACE ( 'NONE', ( #1894, #1547 ), #576, .T. ) ;
#480 = EDGE_LOOP ( 'NONE', ( #1999, #339 ) ) ;
#481 = DIRECTION ( 'NONE',  ( 0.000000000000000000, 0.000000000000000000, -1.000000000000000000 ) ) ;
#482 = PLANE ( 'NONE',  #635 ) ;
#483 = DIRECTION ( 'NONE',  ( 0.000000000000000000, -0.000000000000000000, 1.000000000000000000 ) ) ;
#484 = CIRCLE ( 'NONE', #598, 6.000000000000000888 ) ;
#485 = EDGE_LOOP ( 'NONE', ( #238, #184, #1615, #2096 ) ) ;
#486 = CIRCLE ( 'NONE', #1111, 1.550000000000000488 ) ;
#487 = CARTESIAN_POINT ( 'NONE',  ( 0.000000000000000000, -8.000000000000000000, -7.000000000000000888 ) ) ;
#488 = DIRECTION ( 'NONE',  ( 0.000000000000000000, 1.000000000000000000, 0.000000000000000000 ) ) ;
#489 = ORIENTED_EDGE ( 'NONE', *, *, #1883, .T. ) ;
#490 = DIRECTION ( 'NONE',  ( 0.000000000000000000, -1.000000000000000000, 0.000000000000000000 ) ) ;
#491 = LINE ( 'NONE', #1227, #1579 ) ;
#492 = FACE_OUTER_BOUND ( 'NONE', #1888, .T. ) ;
#493 = ADVANCED_FACE ( 'NONE', ( #376 ), #2061, .F. ) ;
#494 = ORIENTED_EDGE ( 'NONE', *, *, #2151, .T. ) ;
#495 = DIRECTION ( 'NONE',  ( -0.000000000000000000, 1.000000000000000000, -0.000000000000000000 ) ) ;
#496 = CARTESIAN_POINT ( 'NONE',  ( 10.64354390525167737, -33.00000000000000711, 0.9999999999999991118 ) ) ;
#497 = EDGE_LOOP ( 'NONE', ( #2049, #1100, #410, #1293 ) ) ;
#498 = VECTOR ( 'NONE', #411, 1000.000000000000000 ) ;
#499 = PLANE ( 'NONE',  #1125 ) ;
#500 = ORIENTED_EDGE ( 'NONE', *, *, #934, .F. ) ;
#501 = CARTESIAN_POINT ( 'NONE',  ( 6.027774971585824204, -8.474572556965290104, 1.000000000000000000 ) ) ;
#502 = DIRECTION ( 'NONE',  ( 0.000000000000000000, 0.000000000000000000, 1.000000000000000000 ) ) ;
#503 = EDGE_CURVE ( 'NONE', #70, #2423, #1981, .T. ) ;
#504 = ORIENTED_EDGE ( 'NONE', *, *, #213, .T. ) ;
#505 = LINE ( 'NONE', #268, #1430 ) ;
#506 = CARTESIAN_POINT ( 'NONE',  ( 0.000000000000000000, -13.00000000000000533, 0.000000000000000000 ) ) ;
#507 = ADVANCED_FACE ( 'NONE', ( #1704 ), #1865, .T. ) ;
#508 = ORIENTED_EDGE ( 'NONE', *, *, #1421, .T. ) ;
#509 = CIRCLE ( 'NONE', #1455, 3.000000000000000888 ) ;
#510 = CARTESIAN_POINT ( 'NONE',  ( 0.000000000000000000, 0.000000000000000000, 8.999999999999998224 ) ) ;
#511 = CIRCLE ( 'NONE', #1899, 3.000000000000000444 ) ;
#512 = ORIENTED_EDGE ( 'NONE', *, *, #1872, .F. ) ;
#513 = DIRECTION ( 'NONE',  ( 0.000000000000000000, 0.000000000000000000, -1.000000000000000000 ) ) ;
#514 = DIRECTION ( 'NONE',  ( -1.000000000000000000, -0.000000000000000000, -1.445602896647338917E-16 ) ) ;
#515 = LINE ( 'NONE', #1614, #1149 ) ;
#516 = VECTOR ( 'NONE', #1204, 1000.000000000000000 ) ;
#517 = VERTEX_POINT ( 'NONE', #1155 ) ;
#518 = CARTESIAN_POINT ( 'NONE',  ( 6.843543905251675774, -38.00000000000000711, -2.999999999999999112 ) ) ;
#519 = ADVANCED_FACE ( 'NONE', ( #1919, #182 ), #565, .T. ) ;
#520 = CIRCLE ( 'NONE', #405, 1.550000000000001821 ) ;
#521 = ORIENTED_EDGE ( 'NONE', *, *, #1272, .F. ) ;
#522 = CARTESIAN_POINT ( 'NONE',  ( 6.308155307350154395, -8.199318675222066588, -1.000000000000000222 ) ) ;
#523 = EDGE_CURVE ( 'NONE', #708, #771, #1908, .T. ) ;
#524 = CYLINDRICAL_SURFACE ( 'NONE', #1745, 6.000000000000000888 ) ;
#525 = CARTESIAN_POINT ( 'NONE',  ( 10.64354390525167737, -33.00000000000000711, 3.000000000000001776 ) ) ;
#526 = AXIS2_PLACEMENT_3D ( 'NONE', #2233, #732, #2430 ) ;
#527 = EDGE_LOOP ( 'NONE', ( #1397, #1366, #130, #318 ) ) ;
#528 = FILL_AREA_STYLE ('',( #3 ) ) ;
#529 = LINE ( 'NONE', #1636, #2023 ) ;
#530 = ORIENTED_EDGE ( 'NONE', *, *, #2364, .T. ) ;
#531 = DIRECTION ( 'NONE',  ( -0.000000000000000000, -1.000000000000000000, -0.000000000000000000 ) ) ;
#532 = CYLINDRICAL_SURFACE ( 'NONE', #2102, 1.550000000000000933 ) ;
#533 = ORIENTED_EDGE ( 'NONE', *, *, #1988, .F. ) ;
#534 = CARTESIAN_POINT ( 'NONE',  ( 0.000000000000000000, -53.00000000000000000, 0.000000000000000000 ) ) ;
#535 = VECTOR ( 'NONE', #1657, 1000.000000000000000 ) ;
#536 = EDGE_CURVE ( 'NONE', #1329, #165, #390, .T. ) ;
#537 = DIRECTION ( 'NONE',  ( 1.445602896647339163E-16, 0.000000000000000000, -1.000000000000000000 ) ) ;
#538 = VERTEX_POINT ( 'NONE', #47 ) ;
#539 = DIRECTION ( 'NONE',  ( 0.000000000000000000, 0.000000000000000000, -1.000000000000000000 ) ) ;
#540 = DIRECTION ( 'NONE',  ( 1.000000000000000000, -0.000000000000000000, 2.312964634635743450E-16 ) ) ;
#541 = EDGE_LOOP ( 'NONE', ( #2316, #749, #2248, #302 ) ) ;
#542 = CARTESIAN_POINT ( 'NONE',  ( 0.000000000000000000, 13.00000000000000000, -12.00000000000000178 ) ) ;
#543 = DIRECTION ( 'NONE',  ( 1.000000000000000000, 0.000000000000000000, -1.445602896647339163E-16 ) ) ;
#544 = ORIENTED_EDGE ( 'NONE', *, *, #168, .F. ) ;
#545 = PLANE ( 'NONE',  #1123 ) ;
#546 = CARTESIAN_POINT ( 'NONE',  ( 10.64354390525167737, -13.00000000000000178, -0.9999999999999991118 ) ) ;
#547 = EDGE_CURVE ( 'NONE', #429, #1032, #927, .T. ) ;
#548 = VERTEX_POINT ( 'NONE', #917 ) ;
#549 = CARTESIAN_POINT ( 'NONE',  ( 2.020667218593132706E-15, 0.000000000000000000, 16.50000000000000000 ) ) ;
#550 = EDGE_CURVE ( 'NONE', #2168, #1500, #363, .T. ) ;
#551 = ORIENTED_EDGE ( 'NONE', *, *, #39, .F. ) ;
#552 = CARTESIAN_POINT ( 'NONE',  ( 0.000000000000000000, 6.000000000000000000, -13.55000000000000249 ) ) ;
#553 = CARTESIAN_POINT ( 'NONE',  ( 10.64354390525167737, -33.00000000000000711, -1.000000000000000000 ) ) ;
#554 = VECTOR ( 'NONE', #1516, 1000.000000000000000 ) ;
#555 = ORIENTED_EDGE ( 'NONE', *, *, #134, .T. ) ;
#556 = CARTESIAN_POINT ( 'NONE',  ( 0.000000000000000000, 13.00000000000000000, 0.000000000000000000 ) ) ;
#557 = DIRECTION ( 'NONE',  ( -0.000000000000000000, -0.000000000000000000, 1.000000000000000000 ) ) ;
#558 = VECTOR ( 'NONE', #1703, 1000.000000000000000 ) ;
#559 = ORIENTED_EDGE ( 'NONE', *, *, #1998, .F. ) ;
#560 = SURFACE_STYLE_FILL_AREA ( #528 ) ;
#561 = CYLINDRICAL_SURFACE ( 'NONE', #1976, 3.000000000000000888 ) ;
#562 = ORIENTED_EDGE ( 'NONE', *, *, #1272, .T. ) ;
#563 = DIRECTION ( 'NONE',  ( -1.000000000000000000, 0.000000000000000000, -2.797941090285174069E-16 ) ) ;
#564 = DIRECTION ( 'NONE',  ( 0.000000000000000000, 0.000000000000000000, -1.000000000000000000 ) ) ;
#565 = PLANE ( 'NONE',  #290 ) ;
#566 = EDGE_CURVE ( 'NONE', #1848, #1363, #1871, .T. ) ;
#567 = VERTEX_POINT ( 'NONE', #605 ) ;
#568 = CARTESIAN_POINT ( 'NONE',  ( -5.499999999999999112, -5.000000000000000000, 5.999999999999992895 ) ) ;
#569 = DIRECTION ( 'NONE',  ( 2.418923110329417172E-16, 0.000000000000000000, -1.000000000000000000 ) ) ;
#570 = ORIENTED_EDGE ( 'NONE', *, *, #1794, .F. ) ;
#571 = LINE ( 'NONE', #1464, #2370 ) ;
#572 = DIRECTION ( 'NONE',  ( 0.000000000000000000, 0.000000000000000000, -1.000000000000000000 ) ) ;
#573 = EDGE_LOOP ( 'NONE', ( #582, #277, #2281, #970 ) ) ;
#574 = VECTOR ( 'NONE', #1798, 1000.000000000000000 ) ;
#575 = DIRECTION ( 'NONE',  ( -0.000000000000000000, 1.000000000000000000, -0.000000000000000000 ) ) ;
#576 = PLANE ( 'NONE',  #2303 ) ;
#577 = EDGE_CURVE ( 'NONE', #1789, #1884, #1106, .T. ) ;
#578 = ORIENTED_EDGE ( 'NONE', *, *, #623, .T. ) ;
#579 = DIRECTION ( 'NONE',  ( -2.418923110329417172E-16, 0.000000000000000000, 1.000000000000000000 ) ) ;
#580 = ADVANCED_FACE ( 'NONE', ( #736 ), #2250, .T. ) ;
#581 = CARTESIAN_POINT ( 'NONE',  ( 8.393543905251677373, -38.00000000000000711, 3.000000000000000000 ) ) ;
#582 = ORIENTED_EDGE ( 'NONE', *, *, #1365, .F. ) ;
#583 = CARTESIAN_POINT ( 'NONE',  ( 5.196152422706633800, -43.00000000000000000, -2.999999999999998224 ) ) ;
#584 = CARTESIAN_POINT ( 'NONE',  ( 0.000000000000000000, -52.00000000000000000, -5.750000000000000000 ) ) ;
#585 = EDGE_LOOP ( 'NONE', ( #2322, #1309, #1845, #57 ) ) ;
#586 = DIRECTION ( 'NONE',  ( -0.000000000000000000, 1.000000000000000000, -0.000000000000000000 ) ) ;
#587 = CARTESIAN_POINT ( 'NONE',  ( 12.00000000000000178, 6.000000000000000000, 1.550000000000042233 ) ) ;
#588 = AXIS2_PLACEMENT_3D ( 'NONE', #546, #1645, #1086 ) ;
#589 = DIRECTION ( 'NONE',  ( 0.000000000000000000, 0.000000000000000000, -1.000000000000000000 ) ) ;
#590 = AXIS2_PLACEMENT_3D ( 'NONE', #461, #229, #2135 ) ;
#591 = ORIENTED_EDGE ( 'NONE', *, *, #1684, .F. ) ;
#592 = CARTESIAN_POINT ( 'NONE',  ( -8.379555213223521315E-14, 6.000000000000000000, 12.00000000000000178 ) ) ;
#593 = VECTOR ( 'NONE', #1674, 1000.000000000000000 ) ;
#594 = EDGE_CURVE ( 'NONE', #1786, #548, #1494, .T. ) ;
#595 = PLANE ( 'NONE',  #1135 ) ;
#596 = DIRECTION ( 'NONE',  ( -0.000000000000000000, 1.000000000000000000, -0.000000000000000000 ) ) ;
#597 = EDGE_CURVE ( 'NONE', #6, #781, #2276, .T. ) ;
#598 = AXIS2_PLACEMENT_3D ( 'NONE', #1025, #106, #2358 ) ;
#599 = AXIS2_PLACEMENT_3D ( 'NONE', #1690, #400, #2087 ) ;
#600 = ORIENTED_EDGE ( 'NONE', *, *, #2079, .T. ) ;
#601 = DIRECTION ( 'NONE',  ( -1.000000000000000000, -0.000000000000000000, -0.000000000000000000 ) ) ;
#602 = AXIS2_PLACEMENT_3D ( 'NONE', #980, #766, #2104 ) ;
#603 = ORIENTED_EDGE ( 'NONE', *, *, #1071, .F. ) ;
#604 = DIRECTION ( 'NONE',  ( 0.000000000000000000, 0.000000000000000000, -1.000000000000000000 ) ) ;
#605 = CARTESIAN_POINT ( 'NONE',  ( 0.000000000000000000, 0.000000000000000000, -16.50000000000000000 ) ) ;
#606 = ORIENTED_EDGE ( 'NONE', *, *, #996, .F. ) ;
#607 = PLANE ( 'NONE',  #1038 ) ;
#608 = DIRECTION ( 'NONE',  ( 0.000000000000000000, -1.000000000000000000, 0.000000000000000000 ) ) ;
#609 = CARTESIAN_POINT ( 'NONE',  ( 8.395570613868308385, -18.00000000000000355, 3.000000000000000000 ) ) ;
#610 = ADVANCED_FACE ( 'NONE', ( #1328 ), #2263, .F. ) ;
#611 = EDGE_LOOP ( 'NONE', ( #964, #1129, #730, #2197, #1631, #436, #2305, #261, #603, #1523, #1193, #1163, #2145, #125 ) ) ;
#612 = CARTESIAN_POINT ( 'NONE',  ( 0.000000000000000000, -8.000000000000000000, 0.000000000000000000 ) ) ;
#613 = CIRCLE ( 'NONE', #1440, 3.000000000000000888 ) ;
#614 = VERTEX_POINT ( 'NONE', #218 ) ;
#615 = PLANE ( 'NONE',  #1482 ) ;
#616 = CARTESIAN_POINT ( 'NONE',  ( 7.500000000000004441, 0.000000000000000000, -9.000000000000001776 ) ) ;
#617 = DIRECTION ( 'NONE',  ( -1.000000000000000000, 0.000000000000000000, -9.637352644315595243E-17 ) ) ;
#618 = ORIENTED_EDGE ( 'NONE', *, *, #39, .T. ) ;
#619 = DIRECTION ( 'NONE',  ( 0.000000000000000000, -1.000000000000000000, 0.000000000000000000 ) ) ;
#620 = LINE ( 'NONE', #644, #1048 ) ;
#621 = DIRECTION ( 'NONE',  ( 0.000000000000000000, -1.000000000000000000, 0.000000000000000000 ) ) ;
#622 = ORIENTED_EDGE ( 'NONE', *, *, #467, .F. ) ;
#623 = EDGE_CURVE ( 'NONE', #837, #979, #845, .T. ) ;
#624 = ORIENTED_EDGE ( 'NONE', *, *, #15, .F. ) ;
#625 = CARTESIAN_POINT ( 'NONE',  ( -8.999999999999998224, -8.000000000000000000, -9.000000000000001776 ) ) ;
#626 = DIRECTION ( 'NONE',  ( -0.000000000000000000, -1.000000000000000000, -0.000000000000000000 ) ) ;
#627 = EDGE_CURVE ( 'NONE', #1619, #852, #1260, .T. ) ;
#628 = ORIENTED_EDGE ( 'NONE', *, *, #655, .T. ) ;
#629 = FACE_BOUND ( 'NONE', #2068, .T. ) ;
#630 = AXIS2_PLACEMENT_3D ( 'NONE', #2006, #1801, #844 ) ;
#631 = CARTESIAN_POINT ( 'NONE',  ( 4.757011748239927229, -52.52667245247607042, 0.9999999999999995559 ) ) ;
#632 = AXIS2_PLACEMENT_3D ( 'NONE', #72, #814, #973 ) ;
#633 = ORIENTED_EDGE ( 'NONE', *, *, #1522, .F. ) ;
#634 = LINE ( 'NONE', #1390, #453 ) ;
#635 = AXIS2_PLACEMENT_3D ( 'NONE', #296, #2368, #1995 ) ;
#636 = VERTEX_POINT ( 'NONE', #2122 ) ;
#637 = CARTESIAN_POINT ( 'NONE',  ( -12.00000000000000000, 13.00000000000000000, -1.256933281983528260E-13 ) ) ;
#638 = CYLINDRICAL_SURFACE ( 'NONE', #1217, 1.550000000000000933 ) ;
#639 = DIRECTION ( 'NONE',  ( 9.637352644315595243E-17, 0.000000000000000000, -1.000000000000000000 ) ) ;
#640 = ADVANCED_FACE ( 'NONE', ( #1785, #835, #240 ), #434, .F. ) ;
#641 = ORIENTED_EDGE ( 'NONE', *, *, #2241, .F. ) ;
#642 = AXIS2_PLACEMENT_3D ( 'NONE', #864, #1415, #2194 ) ;
#643 = VECTOR ( 'NONE', #575, 1000.000000000000000 ) ;
#644 = CARTESIAN_POINT ( 'NONE',  ( 10.64354390525167737, -13.00000000000000178, 3.000000000000001776 ) ) ;
#645 = CYLINDRICAL_SURFACE ( 'NONE', #1443, 3.000000000000000444 ) ;
#646 = DIRECTION ( 'NONE',  ( 0.000000000000000000, -1.000000000000000000, 0.000000000000000000 ) ) ;
#647 = ORIENTED_EDGE ( 'NONE', *, *, #627, .F. ) ;
#648 = CARTESIAN_POINT ( 'NONE',  ( 0.000000000000000000, 0.000000000000000000, 0.000000000000000000 ) ) ;
#649 = PLANE ( 'NONE',  #1054 ) ;
#650 = LINE ( 'NONE', #423, #1058 ) ;
#651 = VECTOR ( 'NONE', #2411, 1000.000000000000000 ) ;
#652 = ORIENTED_EDGE ( 'NONE', *, *, #1195, .F. ) ;
#653 = EDGE_CURVE ( 'NONE', #2046, #1607, #287, .T. ) ;
#654 = DIRECTION ( 'NONE',  ( -0.000000000000000000, 1.000000000000000000, -0.000000000000000000 ) ) ;
#655 = EDGE_CURVE ( 'NONE', #636, #949, #210, .T. ) ;
#656 = CARTESIAN_POINT ( 'NONE',  ( 4.643543905251676485, -33.00000000000000711, 0.9999999999999991118 ) ) ;
#657 = ORIENTED_EDGE ( 'NONE', *, *, #2226, .F. ) ;
#658 = DIRECTION ( 'NONE',  ( -0.000000000000000000, -1.000000000000000000, -0.000000000000000000 ) ) ;
#659 = LINE ( 'NONE', #2380, #207 ) ;
#660 = CARTESIAN_POINT ( 'NONE',  ( 5.916079783099615241, -9.000000000000014211, -0.9999999999999995559 ) ) ;
#661 = ORIENTED_EDGE ( 'NONE', *, *, #1312, .T. ) ;
#662 = DIRECTION ( 'NONE',  ( -0.000000000000000000, -1.000000000000000000, -0.000000000000000000 ) ) ;
#663 = EDGE_CURVE ( 'NONE', #305, #1160, #1938, .T. ) ;
#664 = ADVANCED_FACE ( 'NONE', ( #1215, #2136 ), #1757, .T. ) ;
#665 = DIRECTION ( 'NONE',  ( 0.000000000000000000, 0.000000000000000000, -1.000000000000000000 ) ) ;
#666 = AXIS2_PLACEMENT_3D ( 'NONE', #706, #1660, #897 ) ;
#667 = ORIENTED_EDGE ( 'NONE', *, *, #653, .F. ) ;
#668 = CARTESIAN_POINT ( 'NONE',  ( -12.00000000000000000, 6.000000000000000000, 4.189777606611760026E-14 ) ) ;
#669 = DIRECTION ( 'NONE',  ( 0.000000000000000000, 0.000000000000000000, -1.000000000000000000 ) ) ;
#670 = CARTESIAN_POINT ( 'NONE',  ( 0.000000000000000000, -4.999999999999997335, 0.000000000000000000 ) ) ;
#671 = VECTOR ( 'NONE', #1235, 1000.000000000000000 ) ;
#672 = ORIENTED_EDGE ( 'NONE', *, *, #2273, .F. ) ;
#673 = DIRECTION ( 'NONE',  ( 0.000000000000000000, -1.000000000000000000, 0.000000000000000000 ) ) ;
#674 = CIRCLE ( 'NONE', #2177, 6.000000000000000888 ) ;
#675 = VECTOR ( 'NONE', #495, 1000.000000000000000 ) ;
#676 = DIRECTION ( 'NONE',  ( -0.000000000000000000, -1.000000000000000000, -0.000000000000000000 ) ) ;
#677 = AXIS2_PLACEMENT_3D ( 'NONE', #1576, #2333, #1353 ) ;
#678 = ORIENTED_EDGE ( 'NONE', *, *, #594, .T. ) ;
#679 = LINE ( 'NONE', #656, #574 ) ;
#680 = STYLED_ITEM ( 'NONE', ( #731 ), #1079 ) ;
#681 = ADVANCED_FACE ( 'NONE', ( #274 ), #2360, .F. ) ;
#682 = ORIENTED_EDGE ( 'NONE', *, *, #1137, .F. ) ;
#683 = CARTESIAN_POINT ( 'NONE',  ( 6.308809749603475403, -8.198803947955441984, 0.9999999999999997780 ) ) ;
#684 = CARTESIAN_POINT ( 'NONE',  ( 10.64354390525167737, -33.00000000000000711, 0.9999999999999991118 ) ) ;
#685 = EDGE_LOOP ( 'NONE', ( #1630, #1015, #1571, #2310 ) ) ;
#686 = CARTESIAN_POINT ( 'NONE',  ( 8.393543905251677373, -38.00000000000000711, -17.00000000000000000 ) ) ;
#687 = CARTESIAN_POINT ( 'NONE',  ( 0.000000000000000000, 13.00000000000000000, 0.000000000000000000 ) ) ;
#688 = ORIENTED_EDGE ( 'NONE', *, *, #2163, .F. ) ;
#689 = AXIS2_PLACEMENT_3D ( 'NONE', #2112, #579, #451 ) ;
#690 = CLOSED_SHELL ( 'NONE', ( #1396, #149, #1725, #420, #2016, #195, #1653, #333, #2090, #225, #2259, #2309, #49, #1223, #2229, #1730, #993, #493, #406, #725, #1885, #839, #2409, #1009, #681, #449, #640, #886, #2199, #1577, #98, #123, #1029, #2375, #836, #417, #1398, #698, #1120, #2062, #791, #664, #974, #2028, #1504, #344, #1252, #300, #2437, #931, #776, #82, #507, #154, #1955, #1470, #1821, #183, #1637, #1535, #610, #1971, #519, #1554, #905, #2212, #479, #580, #2138, #1538, #1472, #763, #1103, #2378, #1913 ) ) ;
#691 = LINE ( 'NONE', #851, #1002 ) ;
#692 = ORIENTED_EDGE ( 'NONE', *, *, #1269, .F. ) ;
#693 = CARTESIAN_POINT ( 'NONE',  ( 4.643543905251675596, -23.00000000000000355, 3.000000000000000888 ) ) ;
#694 = FACE_BOUND ( 'NONE', #1221, .T. ) ;
#695 = EDGE_CURVE ( 'NONE', #983, #272, #1742, .T. ) ;
#696 = ORIENTED_EDGE ( 'NONE', *, *, #729, .F. ) ;
#697 = LINE ( 'NONE', #2198, #62 ) ;
#698 = ADVANCED_FACE ( 'NONE', ( #1192 ), #1357, .T. ) ;
#699 = DIRECTION ( 'NONE',  ( -1.000000000000000000, 0.000000000000000000, 0.000000000000000000 ) ) ;
#700 = ORIENTED_EDGE ( 'NONE', *, *, #759, .T. ) ;
#701 = DIRECTION ( 'NONE',  ( 0.000000000000000000, 0.000000000000000000, -1.000000000000000000 ) ) ;
#702 = AXIS2_PLACEMENT_3D ( 'NONE', #256, #1171, #1574 ) ;
#703 = DIRECTION ( 'NONE',  ( 0.000000000000000000, 0.000000000000000000, -1.000000000000000000 ) ) ;
#704 = AXIS2_PLACEMENT_3D ( 'NONE', #1191, #46, #1582 ) ;
#705 = ORIENTED_EDGE ( 'NONE', *, *, #1584, .F. ) ;
#706 = CARTESIAN_POINT ( 'NONE',  ( 8.393543905251677373, -38.00000000000000711, 1.000000000000000888 ) ) ;
#707 = DIRECTION ( 'NONE',  ( 0.000000000000000000, 1.000000000000000000, 0.000000000000000000 ) ) ;
#708 = VERTEX_POINT ( 'NONE', #1570 ) ;
#709 = DIRECTION ( 'NONE',  ( 0.000000000000000000, -1.000000000000000000, 0.000000000000000000 ) ) ;
#710 = CYLINDRICAL_SURFACE ( 'NONE', #2101, 1.550000000000000488 ) ;
#711 = CIRCLE ( 'NONE', #2412, 1.550000000000000488 ) ;
#712 = EDGE_CURVE ( 'NONE', #1178, #1182, #2110, .T. ) ;
#713 = ORIENTED_EDGE ( 'NONE', *, *, #1584, .T. ) ;
#714 = CIRCLE ( 'NONE', #1028, 1.549999999999999378 ) ;
#715 = PLANE ( 'NONE',  #1279 ) ;
#716 = DIRECTION ( 'NONE',  ( 1.000000000000000000, 0.000000000000000000, 0.000000000000000000 ) ) ;
#717 = ORIENTED_EDGE ( 'NONE', *, *, #2243, .T. ) ;
#718 = CARTESIAN_POINT ( 'NONE',  ( 7.500000000000004441, -8.000000000000000000, -9.000000000000001776 ) ) ;
#719 = CARTESIAN_POINT ( 'NONE',  ( 0.000000000000000000, -43.00000000000000000, 0.000000000000000000 ) ) ;
#720 = DIRECTION ( 'NONE',  ( -0.000000000000000000, -1.000000000000000000, -0.000000000000000000 ) ) ;
#721 = VERTEX_POINT ( 'NONE', #1380 ) ;
#722 = DIRECTION ( 'NONE',  ( 0.000000000000000000, -1.000000000000000000, 0.000000000000000000 ) ) ;
#723 = DIRECTION ( 'NONE',  ( 0.000000000000000000, -1.000000000000000000, 0.000000000000000000 ) ) ;
#724 = ORIENTED_EDGE ( 'NONE', *, *, #2163, .T. ) ;
#725 = ADVANCED_FACE ( 'NONE', ( #97 ), #1952, .T. ) ;
#726 = DIRECTION ( 'NONE',  ( 0.000000000000000000, 1.000000000000000000, 0.000000000000000000 ) ) ;
#727 = TOROIDAL_SURFACE ( 'NONE', #2113, 7.000000000000000888, 1.000000000000000000 ) ;
#728 = DIRECTION ( 'NONE',  ( 0.000000000000000000, -0.000000000000000000, -1.000000000000000000 ) ) ;
#729 = EDGE_CURVE ( 'NONE', #431, #1848, #650, .T. ) ;
#730 = ORIENTED_EDGE ( 'NONE', *, *, #2076, .F. ) ;
#731 = PRESENTATION_STYLE_ASSIGNMENT (( #1076 ) ) ;
#732 = DIRECTION ( 'NONE',  ( 0.000000000000000000, 1.000000000000000000, 0.000000000000000000 ) ) ;
#733 = VERTEX_POINT ( 'NONE', #801 ) ;
#734 = DIRECTION ( 'NONE',  ( -1.000000000000000000, 0.000000000000000000, 0.000000000000000000 ) ) ;
#735 = DIRECTION ( 'NONE',  ( 0.000000000000000000, 0.000000000000000000, -1.000000000000000000 ) ) ;
#736 = FACE_OUTER_BOUND ( 'NONE', #1773, .T. ) ;
#737 = ORIENTED_EDGE ( 'NONE', *, *, #899, .F. ) ;
#738 = AXIS2_PLACEMENT_3D ( 'NONE', #687, #1628, #327 ) ;
#739 = DIRECTION ( 'NONE',  ( -0.000000000000000000, -0.000000000000000000, 1.000000000000000000 ) ) ;
#740 = EDGE_CURVE ( 'NONE', #2423, #445, #1369, .T. ) ;
#741 = EDGE_CURVE ( 'NONE', #1789, #1669, #2149, .T. ) ;
#742 = VERTEX_POINT ( 'NONE', #1405 ) ;
#743 = AXIS2_PLACEMENT_3D ( 'NONE', #1937, #813, #250 ) ;
#744 = DIRECTION ( 'NONE',  ( -0.000000000000000000, -0.000000000000000000, 1.000000000000000000 ) ) ;
#745 = EDGE_LOOP ( 'NONE', ( #2174, #114 ) ) ;
#746 = CARTESIAN_POINT ( 'NONE',  ( 0.000000000000000000, 6.000000000000000000, -12.00000000000000178 ) ) ;
#747 = DIRECTION ( 'NONE',  ( -0.000000000000000000, -1.000000000000000000, -0.000000000000000000 ) ) ;
#748 = AXIS2_PLACEMENT_3D ( 'NONE', #2160, #1850, #1263 ) ;
#749 = ORIENTED_EDGE ( 'NONE', *, *, #1956, .F. ) ;
#750 = AXIS2_PLACEMENT_3D ( 'NONE', #2031, #2389, #513 ) ;
#751 = FACE_OUTER_BOUND ( 'NONE', #827, .T. ) ;
#752 = CARTESIAN_POINT ( 'NONE',  ( 7.500000000000000888, -1.000000000000000444, 5.999999999999996447 ) ) ;
#753 = AXIS2_PLACEMENT_3D ( 'NONE', #719, #201, #1878 ) ;
#754 = VECTOR ( 'NONE', #204, 1000.000000000000000 ) ;
#755 = ORIENTED_EDGE ( 'NONE', *, *, #1317, .F. ) ;
#756 = CARTESIAN_POINT ( 'NONE',  ( 4.643543905251676485, -23.00000000000000355, -1.000000000000000000 ) ) ;
#757 = DIRECTION ( 'NONE',  ( 1.445602896647339163E-16, 0.000000000000000000, -1.000000000000000000 ) ) ;
#758 = CARTESIAN_POINT ( 'NONE',  ( 0.000000000000000000, -8.000000000000000000, 0.000000000000000000 ) ) ;
#759 = EDGE_CURVE ( 'NONE', #1343, #1210, #1184, .T. ) ;
#760 = ORIENTED_EDGE ( 'NONE', *, *, #1565, .F. ) ;
#761 = CARTESIAN_POINT ( 'NONE',  ( 0.000000000000000000, -43.00000000000000000, 0.000000000000000000 ) ) ;
#762 = CARTESIAN_POINT ( 'NONE',  ( -12.00000000000000000, 0.000000000000000000, 4.189777606611760026E-14 ) ) ;
#763 = ADVANCED_FACE ( 'NONE', ( #492 ), #1047, .F. ) ;
#764 = VERTEX_POINT ( 'NONE', #1987 ) ;
#765 = DIRECTION ( 'NONE',  ( 0.000000000000000000, -0.000000000000000000, -1.000000000000000000 ) ) ;
#766 = DIRECTION ( 'NONE',  ( 0.000000000000000000, -1.000000000000000000, 0.000000000000000000 ) ) ;
#767 = CIRCLE ( 'NONE', #2152, 3.000000000000000888 ) ;
#768 = VERTEX_POINT ( 'NONE', #337 ) ;
#769 = CARTESIAN_POINT ( 'NONE',  ( 7.500000000000000888, -5.000000000000000000, 5.999999999999995559 ) ) ;
#770 = EDGE_CURVE ( 'NONE', #1758, #832, #1698, .T. ) ;
#771 = VERTEX_POINT ( 'NONE', #297 ) ;
#772 = CARTESIAN_POINT ( 'NONE',  ( 7.500000000000004441, -1.000000000000000000, -6.000000000000005329 ) ) ;
#773 = CIRCLE ( 'NONE', #2196, 1.550000000000000488 ) ;
#774 = DIRECTION ( 'NONE',  ( 0.000000000000000000, 0.000000000000000000, 1.000000000000000000 ) ) ;
#775 = DIRECTION ( 'NONE',  ( 0.000000000000000000, 0.000000000000000000, -1.000000000000000000 ) ) ;
#776 = ADVANCED_FACE ( 'NONE', ( #694, #2007, #152 ), #1450, .F. ) ;
#777 = ORIENTED_EDGE ( 'NONE', *, *, #135, .T. ) ;
#778 = CARTESIAN_POINT ( 'NONE',  ( -8.999999999999998224, 0.000000000000000000, 8.999999999999998224 ) ) ;
#779 = LINE ( 'NONE', #1004, #889 ) ;
#780 = DIRECTION ( 'NONE',  ( 0.000000000000000000, -1.000000000000000000, 0.000000000000000000 ) ) ;
#781 = VERTEX_POINT ( 'NONE', #2369 ) ;
#782 = CARTESIAN_POINT ( 'NONE',  ( 10.64354390525167737, -33.00000000000000711, 3.000000000000001776 ) ) ;
#783 = ORIENTED_EDGE ( 'NONE', *, *, #2350, .T. ) ;
#784 = CARTESIAN_POINT ( 'NONE',  ( -8.379555213223521315E-14, 0.000000000000000000, 12.00000000000000178 ) ) ;
#785 = CARTESIAN_POINT ( 'NONE',  ( 8.395570613868308385, -18.00000000000000355, -17.00000000000000000 ) ) ;
#786 = CARTESIAN_POINT ( 'NONE',  ( 9.943543905251678083, -38.00000000000000711, -17.00000000000000000 ) ) ;
#787 = AXIS2_PLACEMENT_3D ( 'NONE', #1918, #1756, #71 ) ;
#788 = ORIENTED_EDGE ( 'NONE', *, *, #1681, .F. ) ;
#789 = CARTESIAN_POINT ( 'NONE',  ( 10.64354390525167737, -13.00000000000000178, -0.9999999999999991118 ) ) ;
#790 = VECTOR ( 'NONE', #744, 1000.000000000000000 ) ;
#791 = ADVANCED_FACE ( 'NONE', ( #2022 ), #1429, .F. ) ;
#792 = DIRECTION ( 'NONE',  ( 0.000000000000000000, -1.000000000000000000, 0.000000000000000000 ) ) ;
#793 = AXIS2_PLACEMENT_3D ( 'NONE', #833, #1791, #481 ) ;
#794 = AXIS2_PLACEMENT_3D ( 'NONE', #8, #2100, #413 ) ;
#795 = EDGE_LOOP ( 'NONE', ( #2346, #2320 ) ) ;
#796 = DIRECTION ( 'NONE',  ( 1.000000000000000000, 0.000000000000000000, 0.000000000000000000 ) ) ;
#797 = AXIS2_PLACEMENT_3D ( 'NONE', #1005, #2211, #1667 ) ;
#798 = VERTEX_POINT ( 'NONE', #321 ) ;
#799 = CARTESIAN_POINT ( 'NONE',  ( 9.945570613868307319, -18.00000000000000355, -17.00000000000000000 ) ) ;
#800 = DIRECTION ( 'NONE',  ( 0.000000000000000000, -1.000000000000000000, 0.000000000000000000 ) ) ;
#801 = CARTESIAN_POINT ( 'NONE',  ( -5.499999999999995559, -1.000000000000000444, -6.000000000000006217 ) ) ;
#802 = VERTEX_POINT ( 'NONE', #1648 ) ;
#803 = CARTESIAN_POINT ( 'NONE',  ( 10.64354390525167737, -33.00000000000000711, -1.000000000000000000 ) ) ;
#804 = CARTESIAN_POINT ( 'NONE',  ( 0.000000000000000000, 13.00000000000000000, 0.000000000000000000 ) ) ;
#805 = ORIENTED_EDGE ( 'NONE', *, *, #1332, .F. ) ;
#806 = EDGE_CURVE ( 'NONE', #2106, #2201, #515, .T. ) ;
#807 = CARTESIAN_POINT ( 'NONE',  ( 10.64354390525167737, -23.00000000000000355, 3.000000000000001776 ) ) ;
#808 = EDGE_CURVE ( 'NONE', #1933, #91, #1065, .T. ) ;
#809 = ORIENTED_EDGE ( 'NONE', *, *, #2180, .F. ) ;
#810 = DIRECTION ( 'NONE',  ( 0.000000000000000000, -1.000000000000000000, 0.000000000000000000 ) ) ;
#811 = VECTOR ( 'NONE', #1727, 1000.000000000000000 ) ;
#812 = ORIENTED_EDGE ( 'NONE', *, *, #1565, .T. ) ;
#813 = DIRECTION ( 'NONE',  ( 0.000000000000000000, -1.000000000000000000, 0.000000000000000000 ) ) ;
#814 = DIRECTION ( 'NONE',  ( 0.000000000000000000, -1.000000000000000000, 0.000000000000000000 ) ) ;
#815 = ORIENTED_EDGE ( 'NONE', *, *, #869, .F. ) ;
#816 = DIRECTION ( 'NONE',  ( -0.000000000000000000, -1.000000000000000000, -0.000000000000000000 ) ) ;
#817 = LINE ( 'NONE', #2294, #2004 ) ;
#818 = DIRECTION ( 'NONE',  ( 0.000000000000000000, 0.000000000000000000, -1.000000000000000000 ) ) ;
#819 = ORIENTED_EDGE ( 'NONE', *, *, #1285, .F. ) ;
#820 = DIRECTION ( 'NONE',  ( 0.000000000000000000, 0.000000000000000000, 1.000000000000000000 ) ) ;
#821 = EDGE_CURVE ( 'NONE', #848, #122, #331, .T. ) ;
#822 = VECTOR ( 'NONE', #1807, 1000.000000000000000 ) ;
#823 = EDGE_LOOP ( 'NONE', ( #1711, #862 ) ) ;
#824 = FACE_OUTER_BOUND ( 'NONE', #1964, .T. ) ;
#825 = CARTESIAN_POINT ( 'NONE',  ( -8.999999999999998224, 0.000000000000000000, -8.673617379884033500E-16 ) ) ;
#826 = AXIS2_PLACEMENT_3D ( 'NONE', #1513, #537, #2268 ) ;
#827 = EDGE_LOOP ( 'NONE', ( #1914, #1408, #1953, #692 ) ) ;
#828 = CIRCLE ( 'NONE', #1459, 1.550000000000000488 ) ;
#829 = LINE ( 'NONE', #53, #1411 ) ;
#830 = ORIENTED_EDGE ( 'NONE', *, *, #329, .T. ) ;
#831 = FACE_OUTER_BOUND ( 'NONE', #1528, .T. ) ;
#832 = VERTEX_POINT ( 'NONE', #1237 ) ;
#833 = CARTESIAN_POINT ( 'NONE',  ( 0.000000000000000000, -52.00000000000000000, 0.000000000000000000 ) ) ;
#834 = DIRECTION ( 'NONE',  ( 0.000000000000000000, 0.000000000000000000, -1.000000000000000000 ) ) ;
#835 = FACE_OUTER_BOUND ( 'NONE', #124, .T. ) ;
#836 = ADVANCED_FACE ( 'NONE', ( #1997 ), #1061, .F. ) ;
#837 = VERTEX_POINT ( 'NONE', #1841 ) ;
#838 = AXIS2_PLACEMENT_3D ( 'NONE', #2184, #2206, #1624 ) ;
#839 = ADVANCED_FACE ( 'NONE', ( #1814 ), #128, .T. ) ;
#840 = FACE_OUTER_BOUND ( 'NONE', #1304, .T. ) ;
#841 = VERTEX_POINT ( 'NONE', #2403 ) ;
#842 = VERTEX_POINT ( 'NONE', #660 ) ;
#843 = CARTESIAN_POINT ( 'NONE',  ( 5.196152422706632912, -13.00000000000000533, 3.000000000000000888 ) ) ;
#844 = DIRECTION ( 'NONE',  ( 0.000000000000000000, 0.000000000000000000, -1.000000000000000000 ) ) ;
#845 = LINE ( 'NONE', #264, #323 ) ;
#846 = AXIS2_PLACEMENT_3D ( 'NONE', #2013, #313, #1642 ) ;
#847 = EDGE_CURVE ( 'NONE', #2332, #1104, #137, .T. ) ;
#848 = VERTEX_POINT ( 'NONE', #1465 ) ;
#849 = EDGE_CURVE ( 'NONE', #445, #1445, #529, .T. ) ;
#850 = CARTESIAN_POINT ( 'NONE',  ( 6.843543905251675774, -38.00000000000000711, -17.00000000000000000 ) ) ;
#851 = CARTESIAN_POINT ( 'NONE',  ( 7.500000000000000888, -1.000000000000000444, 5.999999999999996447 ) ) ;
#852 = VERTEX_POINT ( 'NONE', #2381 ) ;
#853 = CARTESIAN_POINT ( 'NONE',  ( 6.420841490436514754, -8.125204024775316114, 1.000000000000000444 ) ) ;
#854 = DIRECTION ( 'NONE',  ( 1.000000000000000000, 0.000000000000000000, 2.418923110329417172E-16 ) ) ;
#855 = VERTEX_POINT ( 'NONE', #684 ) ;
#856 = CARTESIAN_POINT ( 'NONE',  ( 0.000000000000000000, -9.000000000000001776, 0.000000000000000000 ) ) ;
#857 = DIRECTION ( 'NONE',  ( 0.000000000000000000, -1.000000000000000000, 0.000000000000000000 ) ) ;
#858 = ORIENTED_EDGE ( 'NONE', *, *, #2277, .F. ) ;
#859 = EDGE_CURVE ( 'NONE', #110, #1977, #2032, .T. ) ;
#860 = ORIENTED_EDGE ( 'NONE', *, *, #1597, .T. ) ;
#861 = AXIS2_PLACEMENT_3D ( 'NONE', #1793, #626, #2338 ) ;
#862 = ORIENTED_EDGE ( 'NONE', *, *, #1902, .T. ) ;
#863 = CARTESIAN_POINT ( 'NONE',  ( 5.529161245365314947, -53.00000000000000000, -1.000000000000000444 ) ) ;
#864 = CARTESIAN_POINT ( 'NONE',  ( 8.395570613868308385, -18.00000000000000355, 1.000000000000000888 ) ) ;
#865 = EDGE_LOOP ( 'NONE', ( #170, #1515, #1336, #1040 ) ) ;
#866 = DIRECTION ( 'NONE',  ( 0.000000000000000000, 0.000000000000000000, 1.000000000000000000 ) ) ;
#867 = CARTESIAN_POINT ( 'NONE',  ( 6.843543905251675774, -38.00000000000000711, -17.00000000000000000 ) ) ;
#868 = VERTEX_POINT ( 'NONE', #2171 ) ;
#869 = EDGE_CURVE ( 'NONE', #1820, #2024, #103, .T. ) ;
#870 = LINE ( 'NONE', #1709, #933 ) ;
#871 = CIRCLE ( 'NONE', #991, 1.000000000000000000 ) ;
#872 = EDGE_CURVE ( 'NONE', #852, #1619, #1910, .T. ) ;
#873 = VERTEX_POINT ( 'NONE', #18 ) ;
#874 = CARTESIAN_POINT ( 'NONE',  ( 12.00000000000000178, 6.000000000000000000, 4.189777606611760657E-14 ) ) ;
#875 = DIRECTION ( 'NONE',  ( 0.000000000000000000, 0.000000000000000000, 1.000000000000000000 ) ) ;
#876 = ORIENTED_EDGE ( 'NONE', *, *, #1608, .F. ) ;
#877 = DIRECTION ( 'NONE',  ( 0.000000000000000000, 0.000000000000000000, -1.000000000000000000 ) ) ;
#878 = APPLICATION_PROTOCOL_DEFINITION ( 'draft international standard', 'automotive_design', 1998, #1805 ) ;
#879 = CARTESIAN_POINT ( 'NONE',  ( 0.000000000000000000, 13.00000000000000000, 0.000000000000000000 ) ) ;
#880 = EDGE_LOOP ( 'NONE', ( #1868, #1225 ) ) ;
#881 = CARTESIAN_POINT ( 'NONE',  ( 10.64354390525167737, -43.00000000000000000, -1.000000000000000000 ) ) ;
#882 = CARTESIAN_POINT ( 'NONE',  ( -8.342815809249100770E-14, 6.000000000000000000, 15.00000000000000355 ) ) ;
#883 = EDGE_LOOP ( 'NONE', ( #938, #2005, #2059, #1402, #1199, #1723 ) ) ;
#884 = CARTESIAN_POINT ( 'NONE',  ( 12.00000000000000178, 13.00000000000000000, 4.189777606611760657E-14 ) ) ;
#885 = DIRECTION ( 'NONE',  ( -0.000000000000000000, -1.000000000000000000, -0.000000000000000000 ) ) ;
#886 = ADVANCED_FACE ( 'NONE', ( #1517 ), #1477, .F. ) ;
#887 = ORIENTED_EDGE ( 'NONE', *, *, #2118, .F. ) ;
#888 = DIRECTION ( 'NONE',  ( -0.000000000000000000, -1.000000000000000000, -0.000000000000000000 ) ) ;
#889 = VECTOR ( 'NONE', #966, 1000.000000000000000 ) ;
#890 = ORIENTED_EDGE ( 'NONE', *, *, #1071, .T. ) ;
#891 = DIRECTION ( 'NONE',  ( -1.000000000000000000, 0.000000000000000000, -1.445602896647339163E-16 ) ) ;
#892 = CIRCLE ( 'NONE', #2330, 16.50000000000000000 ) ;
#893 = DIRECTION ( 'NONE',  ( -0.000000000000000000, 1.000000000000000000, -0.000000000000000000 ) ) ;
#894 = AXIS2_PLACEMENT_3D ( 'NONE', #447, #239, #987 ) ;
#895 = AXIS2_PLACEMENT_3D ( 'NONE', #1288, #757, #2043 ) ;
#896 = ORIENTED_EDGE ( 'NONE', *, *, #1632, .T. ) ;
#897 = DIRECTION ( 'NONE',  ( 1.000000000000000000, 0.000000000000000000, 2.797941090285171111E-16 ) ) ;
#898 = DIRECTION ( 'NONE',  ( 0.000000000000000000, 0.000000000000000000, -1.000000000000000000 ) ) ;
#899 = EDGE_CURVE ( 'NONE', #1160, #242, #937, .T. ) ;
#900 = ORIENTED_EDGE ( 'NONE', *, *, #1283, .F. ) ;
#901 = CARTESIAN_POINT ( 'NONE',  ( 9.945570613868307319, -18.00000000000000355, 3.000000000000000000 ) ) ;
#902 = DIRECTION ( 'NONE',  ( 0.000000000000000000, 0.000000000000000000, -1.000000000000000000 ) ) ;
#903 = CIRCLE ( 'NONE', #944, 1.550000000000000933 ) ;
#904 = AXIS2_PLACEMENT_3D ( 'NONE', #1627, #673, #1432 ) ;
#905 = ADVANCED_FACE ( 'NONE', ( #1324 ), #1128, .T. ) ;
#906 = EDGE_LOOP ( 'NONE', ( #1382, #641, #1318, #914 ) ) ;
#907 = AXIS2_PLACEMENT_3D ( 'NONE', #609, #1526, #1360 ) ;
#908 = DIRECTION ( 'NONE',  ( 0.000000000000000000, -1.000000000000000000, 0.000000000000000000 ) ) ;
#909 = DIRECTION ( 'NONE',  ( 0.000000000000000000, 0.000000000000000000, -1.000000000000000000 ) ) ;
#910 = ORIENTED_EDGE ( 'NONE', *, *, #963, .T. ) ;
#911 = DIRECTION ( 'NONE',  ( -0.000000000000000000, 1.000000000000000000, 2.891205793294678819E-16 ) ) ;
#912 = DIRECTION ( 'NONE',  ( 1.000000000000000000, 0.000000000000000000, -1.445602896647339163E-16 ) ) ;
#913 = DIRECTION ( 'NONE',  ( 0.000000000000000000, 0.000000000000000000, -1.000000000000000000 ) ) ;
#914 = ORIENTED_EDGE ( 'NONE', *, *, #1069, .F. ) ;
#915 = CARTESIAN_POINT ( 'NONE',  ( 8.393543905251677373, -38.00000000000000711, -2.999999999999999112 ) ) ;
#916 = LINE ( 'NONE', #181, #643 ) ;
#917 = CARTESIAN_POINT ( 'NONE',  ( 0.000000000000000000, 10.00000000000000000, -4.750000000000000000 ) ) ;
#918 = ORIENTED_EDGE ( 'NONE', *, *, #934, .T. ) ;
#919 = EDGE_CURVE ( 'NONE', #305, #1156, #359, .T. ) ;
#920 = DIRECTION ( 'NONE',  ( 0.000000000000000000, 0.000000000000000000, -1.000000000000000000 ) ) ;
#921 = CARTESIAN_POINT ( 'NONE',  ( 7.500000000000000888, -5.000000000000000000, 7.499999999999998224 ) ) ;
#922 = VERTEX_POINT ( 'NONE', #549 ) ;
#923 = CARTESIAN_POINT ( 'NONE',  ( 0.000000000000000000, -33.00000000000000711, 0.000000000000000000 ) ) ;
#924 = DIRECTION ( 'NONE',  ( 0.000000000000000000, 0.000000000000000000, 1.000000000000000000 ) ) ;
#925 = ORIENTED_EDGE ( 'NONE', *, *, #695, .F. ) ;
#926 = CARTESIAN_POINT ( 'NONE',  ( 0.000000000000000000, -53.00000000000000000, 0.000000000000000000 ) ) ;
#927 = LINE ( 'NONE', #940, #2414 ) ;
#928 = ORIENTED_EDGE ( 'NONE', *, *, #1620, .T. ) ;
#929 =( GEOMETRIC_REPRESENTATION_CONTEXT ( 3 ) GLOBAL_UNCERTAINTY_ASSIGNED_CONTEXT ( ( #260 ) ) GLOBAL_UNIT_ASSIGNED_CONTEXT ( ( #1322, #1056, #280 ) ) REPRESENTATION_CONTEXT ( 'NONE', 'WORKASPACE' ) );
#930 = CARTESIAN_POINT ( 'NONE',  ( 10.64354390525167737, -33.00000000000000711, -2.999999999999999112 ) ) ;
#931 = ADVANCED_FACE ( 'NONE', ( #189 ), #372, .F. ) ;
#932 = PLANE ( 'NONE',  #1959 ) ;
#933 = VECTOR ( 'NONE', #1912, 1000.000000000000000 ) ;
#934 = EDGE_CURVE ( 'NONE', #187, #1178, #1618, .T. ) ;
#935 = ORIENTED_EDGE ( 'NONE', *, *, #2195, .T. ) ;
#936 = AXIS2_PLACEMENT_3D ( 'NONE', #1368, #1771, #2099 ) ;
#937 = LINE ( 'NONE', #2418, #1828 ) ;
#938 = ORIENTED_EDGE ( 'NONE', *, *, #19, .T. ) ;
#939 = DIRECTION ( 'NONE',  ( -0.000000000000000000, -0.000000000000000000, 1.000000000000000000 ) ) ;
#940 = CARTESIAN_POINT ( 'NONE',  ( 4.643543905251676485, -13.00000000000000178, -3.000000000000000000 ) ) ;
#941 = AXIS2_PLACEMENT_3D ( 'NONE', #1180, #1166, #1596 ) ;
#942 = EDGE_LOOP ( 'NONE', ( #24, #1244 ) ) ;
#943 = DIRECTION ( 'NONE',  ( 0.000000000000000000, 0.000000000000000000, 1.000000000000000000 ) ) ;
#944 = AXIS2_PLACEMENT_3D ( 'NONE', #2020, #2231, #335 ) ;
#945 = DIRECTION ( 'NONE',  ( 0.000000000000000000, 0.000000000000000000, 1.000000000000000000 ) ) ;
#946 = EDGE_CURVE ( 'NONE', #442, #1358, #1503, .T. ) ;
#947 = ORIENTED_EDGE ( 'NONE', *, *, #1162, .F. ) ;
#948 = EDGE_CURVE ( 'NONE', #1010, #2201, #4, .T. ) ;
#949 = VERTEX_POINT ( 'NONE', #384 ) ;
#950 = DIRECTION ( 'NONE',  ( 0.000000000000000000, -1.000000000000000000, 0.000000000000000000 ) ) ;
#951 = FACE_OUTER_BOUND ( 'NONE', #906, .T. ) ;
#952 = DIRECTION ( 'NONE',  ( 1.000000000000000000, 0.000000000000000000, 0.000000000000000000 ) ) ;
#953 = ORIENTED_EDGE ( 'NONE', *, *, #283, .F. ) ;
#954 = CARTESIAN_POINT ( 'NONE',  ( 12.00000000000000178, 0.000000000000000000, 3.000000000000042633 ) ) ;
#955 = CARTESIAN_POINT ( 'NONE',  ( 0.000000000000000000, 0.000000000000000000, -12.00000000000000178 ) ) ;
#956 = VECTOR ( 'NONE', #1519, 1000.000000000000000 ) ;
#957 = ORIENTED_EDGE ( 'NONE', *, *, #454, .F. ) ;
#958 = CARTESIAN_POINT ( 'NONE',  ( -12.00000000000000000, 0.000000000000000000, 4.189777606611760026E-14 ) ) ;
#959 = ORIENTED_EDGE ( 'NONE', *, *, #283, .T. ) ;
#960 = CARTESIAN_POINT ( 'NONE',  ( 10.64354390525167737, -33.00000000000000711, 0.9999999999999991118 ) ) ;
#961 = DIRECTION ( 'NONE',  ( 0.000000000000000000, 1.000000000000000000, -0.000000000000000000 ) ) ;
#962 = CARTESIAN_POINT ( 'NONE',  ( 12.00000000000000178, 13.00000000000000000, -1.549999999999958522 ) ) ;
#963 = EDGE_CURVE ( 'NONE', #1104, #517, #1140, .T. ) ;
#964 = ORIENTED_EDGE ( 'NONE', *, *, #2424, .F. ) ;
#965 = CARTESIAN_POINT ( 'NONE',  ( 0.000000000000000000, -9.000000000000001776, 0.000000000000000000 ) ) ;
#966 = DIRECTION ( 'NONE',  ( 1.000000000000000000, -0.000000000000000000, 2.312964634635743450E-16 ) ) ;
#967 = DIRECTION ( 'NONE',  ( 0.000000000000000000, 0.000000000000000000, -1.000000000000000000 ) ) ;
#968 = ORIENTED_EDGE ( 'NONE', *, *, #1331, .F. ) ;
#969 = DIRECTION ( 'NONE',  ( 0.000000000000000000, 0.000000000000000000, 1.000000000000000000 ) ) ;
#970 = ORIENTED_EDGE ( 'NONE', *, *, #329, .F. ) ;
#971 = CARTESIAN_POINT ( 'NONE',  ( 9.943543905251678083, -38.00000000000000711, 1.000000000000001332 ) ) ;
#972 = CARTESIAN_POINT ( 'NONE',  ( 10.64354390525167737, -13.00000000000000178, 0.9999999999999991118 ) ) ;
#973 = DIRECTION ( 'NONE',  ( 0.000000000000000000, -0.000000000000000000, -1.000000000000000000 ) ) ;
#974 = ADVANCED_FACE ( 'NONE', ( #2258 ), #561, .F. ) ;
#975 = EDGE_LOOP ( 'NONE', ( #570, #910, #294, #1509 ) ) ;
#976 = LINE ( 'NONE', #1897, #1525 ) ;
#977 = VECTOR ( 'NONE', #1862, 1000.000000000000000 ) ;
#978 = EDGE_CURVE ( 'NONE', #1329, #305, #2083, .T. ) ;
#979 = VERTEX_POINT ( 'NONE', #2270 ) ;
#980 = CARTESIAN_POINT ( 'NONE',  ( 0.000000000000000000, 6.000000000000000000, -12.00000000000000178 ) ) ;
#981 = DIRECTION ( 'NONE',  ( 0.000000000000000000, -0.000000000000000000, -1.000000000000000000 ) ) ;
#982 = VECTOR ( 'NONE', #1881, 1000.000000000000000 ) ;
#983 = VERTEX_POINT ( 'NONE', #177 ) ;
#984 = DIRECTION ( 'NONE',  ( -1.000000000000000000, 0.000000000000000000, 0.000000000000000000 ) ) ;
#985 = CIRCLE ( 'NONE', #2377, 3.000000000000000888 ) ;
#986 = ORIENTED_EDGE ( 'NONE', *, *, #1208, .T. ) ;
#987 = DIRECTION ( 'NONE',  ( 0.000000000000000000, 0.000000000000000000, 1.000000000000000000 ) ) ;
#988 = DIRECTION ( 'NONE',  ( 0.000000000000000000, -1.000000000000000000, 0.000000000000000000 ) ) ;
#989 = ORIENTED_EDGE ( 'NONE', *, *, #119, .F. ) ;
#990 = CYLINDRICAL_SURFACE ( 'NONE', #2191, 4.750000000000000000 ) ;
#991 = AXIS2_PLACEMENT_3D ( 'NONE', #584, #1915, #1151 ) ;
#992 = PRODUCT_DEFINITION_SHAPE ( 'NONE', 'NONE',  #1177 ) ;
#993 = ADVANCED_FACE ( 'NONE', ( #2417 ), #1849, .F. ) ;
#994 = DIRECTION ( 'NONE',  ( 0.000000000000000000, 1.000000000000000000, 0.000000000000000000 ) ) ;
#995 = CARTESIAN_POINT ( 'NONE',  ( 0.000000000000000000, -4.999999999999997335, 0.000000000000000000 ) ) ;
#996 = EDGE_CURVE ( 'NONE', #1977, #1475, #364, .T. ) ;
#997 = ORIENTED_EDGE ( 'NONE', *, *, #52, .F. ) ;
#998 = CARTESIAN_POINT ( 'NONE',  ( 6.845570613868309451, -18.00000000000000355, -2.999999999999999556 ) ) ;
#999 = ORIENTED_EDGE ( 'NONE', *, *, #806, .F. ) ;
#1000 = DIRECTION ( 'NONE',  ( 0.000000000000000000, -1.000000000000000000, -0.000000000000000000 ) ) ;
#1001 = DIRECTION ( 'NONE',  ( 0.000000000000000000, 0.000000000000000000, 1.000000000000000000 ) ) ;
#1002 = VECTOR ( 'NONE', #104, 1000.000000000000000 ) ;
#1003 = VERTEX_POINT ( 'NONE', #1127 ) ;
#1004 = CARTESIAN_POINT ( 'NONE',  ( -5.499999999999995559, -1.000000000000000444, -6.000000000000006217 ) ) ;
#1005 = CARTESIAN_POINT ( 'NONE',  ( -5.499999999999997335, -6.269303204385536295E-31, -8.384496800554564336E-16 ) ) ;
#1006 = EDGE_CURVE ( 'NONE', #764, #2366, #1699, .T. ) ;
#1007 = ORIENTED_EDGE ( 'NONE', *, *, #1836, .T. ) ;
#1008 = DIRECTION ( 'NONE',  ( -0.000000000000000000, -0.000000000000000000, 1.000000000000000000 ) ) ;
#1009 = ADVANCED_FACE ( 'NONE', ( #2054 ), #2069, .F. ) ;
#1010 = VERTEX_POINT ( 'NONE', #718 ) ;
#1011 = CARTESIAN_POINT ( 'NONE',  ( 0.000000000000000000, -43.00000000000000000, 0.000000000000000000 ) ) ;
#1012 = CARTESIAN_POINT ( 'NONE',  ( 5.039730265202011950, -52.80146318606080058, -1.000000000000000666 ) ) ;
#1013 = DIRECTION ( 'NONE',  ( -9.637352644315595243E-17, 0.000000000000000000, 1.000000000000000000 ) ) ;
#1014 = AXIS2_PLACEMENT_3D ( 'NONE', #1683, #557, #716 ) ;
#1015 = ORIENTED_EDGE ( 'NONE', *, *, #1803, .T. ) ;
#1016 = AXIS2_PLACEMENT_3D ( 'NONE', #2262, #2086, #735 ) ;
#1017 = FACE_BOUND ( 'NONE', #460, .T. ) ;
#1018 = ORIENTED_EDGE ( 'NONE', *, *, #2422, .T. ) ;
#1019 = B_SPLINE_CURVE_WITH_KNOTS ( 'NONE', 3,
 ( #1026, #1813, #127, #1060, #1046, #1012, #1986, #1996, #863, #307 ),
 .UNSPECIFIED., .F., .F.,
 ( 4, 2, 2, 2, 4 ),
 ( 0.000000000000000000, 0.0003941111289508899456, 0.0007882222579017798911, 0.001182333386852669945, 0.001576444515803559782 ),
 .UNSPECIFIED. ) ;
#1020 = ORIENTED_EDGE ( 'NONE', *, *, #1746, .T. ) ;
#1021 = EDGE_CURVE ( 'NONE', #2219, #764, #2429, .T. ) ;
#1022 = CIRCLE ( 'NONE', #1788, 1.550000000000001821 ) ;
#1023 = VECTOR ( 'NONE', #2048, 1000.000000000000000 ) ;
#1024 = ORIENTED_EDGE ( 'NONE', *, *, #869, .T. ) ;
#1025 = CARTESIAN_POINT ( 'NONE',  ( 0.000000000000000000, -53.00000000000000000, 0.000000000000000000 ) ) ;
#1026 = CARTESIAN_POINT ( 'NONE',  ( 4.643543905251676485, -52.00000000000000000, -1.000000000000000000 ) ) ;
#1027 = CARTESIAN_POINT ( 'NONE',  ( 8.484105252154705568, -53.00000000000000000, 1.000000000000000444 ) ) ;
#1028 = AXIS2_PLACEMENT_3D ( 'NONE', #2010, #1855, #1442 ) ;
#1029 = ADVANCED_FACE ( 'NONE', ( #1647 ), #1489, .F. ) ;
#1030 = ORIENTED_EDGE ( 'NONE', *, *, #392, .T. ) ;
#1031 = PLANE ( 'NONE',  #343 ) ;
#1032 = VERTEX_POINT ( 'NONE', #348 ) ;
#1033 = ORIENTED_EDGE ( 'NONE', *, *, #1942, .T. ) ;
#1034 = CARTESIAN_POINT ( 'NONE',  ( 5.916079783099615241, -9.000000000000014211, -0.9999999999999995559 ) ) ;
#1035 = ORIENTED_EDGE ( 'NONE', *, *, #1091, .F. ) ;
#1036 = CARTESIAN_POINT ( 'NONE',  ( 10.64354390525167737, -33.00000000000000711, 0.9999999999999991118 ) ) ;
#1037 = DIRECTION ( 'NONE',  ( 1.000000000000000000, 0.000000000000000000, 0.000000000000000000 ) ) ;
#1038 = AXIS2_PLACEMENT_3D ( 'NONE', #592, #2327, #209 ) ;
#1039 = EDGE_CURVE ( 'NONE', #949, #636, #55, .T. ) ;
#1040 = ORIENTED_EDGE ( 'NONE', *, *, #663, .T. ) ;
#1041 = CARTESIAN_POINT ( 'NONE',  ( -8.379555213223521315E-14, 6.000000000000000000, 12.00000000000000178 ) ) ;
#1042 = ORIENTED_EDGE ( 'NONE', *, *, #298, .F. ) ;
#1043 = ORIENTED_EDGE ( 'NONE', *, *, #1421, .F. ) ;
#1044 = ORIENTED_EDGE ( 'NONE', *, *, #1916, .T. ) ;
#1045 = DIRECTION ( 'NONE',  ( 0.000000000000000000, 0.000000000000000000, -1.000000000000000000 ) ) ;
#1046 = CARTESIAN_POINT ( 'NONE',  ( 4.851190992564547777, -52.61804523491278474, -1.000000000000000444 ) ) ;
#1047 = CYLINDRICAL_SURFACE ( 'NONE', #12, 1.550000000000000933 ) ;
#1048 = VECTOR ( 'NONE', #439, 1000.000000000000000 ) ;
#1049 = ORIENTED_EDGE ( 'NONE', *, *, #237, .T. ) ;
#1050 = CARTESIAN_POINT ( 'NONE',  ( 0.000000000000000000, 13.00000000000000000, -16.50000000000000000 ) ) ;
#1051 = EDGE_CURVE ( 'NONE', #139, #2168, #1738, .T. ) ;
#1052 = PLANE ( 'NONE',  #846 ) ;
#1053 = ORIENTED_EDGE ( 'NONE', *, *, #2352, .T. ) ;
#1054 = AXIS2_PLACEMENT_3D ( 'NONE', #2159, #2205, #115 ) ;
#1055 = EDGE_CURVE ( 'NONE', #2388, #1989, #383, .T. ) ;
#1056 =( NAMED_UNIT ( * ) PLANE_ANGLE_UNIT ( ) SI_UNIT ( $, .RADIAN. ) );
#1057 = DIRECTION ( 'NONE',  ( 2.891205793294678326E-16, 0.000000000000000000, -1.000000000000000000 ) ) ;
#1058 = VECTOR ( 'NONE', #1975, 1000.000000000000000 ) ;
#1059 = ORIENTED_EDGE ( 'NONE', *, *, #2339, .T. ) ;
#1060 = CARTESIAN_POINT ( 'NONE',  ( 4.774514874485844551, -52.50707847905496806, -1.000000000000000444 ) ) ;
#1061 = PLANE ( 'NONE',  #1592 ) ;
#1062 = AXIS2_PLACEMENT_3D ( 'NONE', #2336, #2158, #471 ) ;
#1063 = ORIENTED_EDGE ( 'NONE', *, *, #1967, .T. ) ;
#1064 = FACE_OUTER_BOUND ( 'NONE', #865, .T. ) ;
#1065 = CIRCLE ( 'NONE', #838, 3.000000000000000888 ) ;
#1066 = CARTESIAN_POINT ( 'NONE',  ( 7.500000000000004441, -8.000000000000000000, 8.999999999999998224 ) ) ;
#1067 = VECTOR ( 'NONE', #1893, 1000.000000000000000 ) ;
#1068 = ORIENTED_EDGE ( 'NONE', *, *, #996, .T. ) ;
#1069 = EDGE_CURVE ( 'NONE', #832, #1467, #571, .T. ) ;
#1070 = DIRECTION ( 'NONE',  ( 1.000000000000000000, 0.000000000000000000, 0.000000000000000000 ) ) ;
#1071 = EDGE_CURVE ( 'NONE', #842, #2015, #1502, .T. ) ;
#1072 = ORIENTED_EDGE ( 'NONE', *, *, #2151, .F. ) ;
#1073 = VECTOR ( 'NONE', #1724, 1000.000000000000000 ) ;
#1074 = EDGE_LOOP ( 'NONE', ( #887, #2124, #1777, #2157 ) ) ;
#1075 = CARTESIAN_POINT ( 'NONE',  ( 0.000000000000000000, 13.00000000000000000, -4.750000000000000000 ) ) ;
#1076 = SURFACE_STYLE_USAGE ( .BOTH. , #1115 ) ;
#1077 = CARTESIAN_POINT ( 'NONE',  ( -12.00000000000000000, 6.000000000000000000, 4.189777606611760026E-14 ) ) ;
#1078 = VERTEX_POINT ( 'NONE', #1686 ) ;
#1079 = MANIFOLD_SOLID_BREP ( '\X2\52079664\X0\-\X2\62c94f38\X0\6', #690 ) ;
#1080 = CARTESIAN_POINT ( 'NONE',  ( 5.916079783099616130, -53.00000000000000000, 0.9999999999999995559 ) ) ;
#1081 = VECTOR ( 'NONE', #1367, 1000.000000000000000 ) ;
#1082 = EDGE_LOOP ( 'NONE', ( #2181, #1808, #667, #1030, #2278 ) ) ;
#1083 = CARTESIAN_POINT ( 'NONE',  ( -5.499999999999999112, -1.000000000000000444, 5.999999999999993783 ) ) ;
#1084 = PLANE ( 'NONE',  #1361 ) ;
#1085 = VECTOR ( 'NONE', #1983, 1000.000000000000000 ) ;
#1086 = DIRECTION ( 'NONE',  ( 0.000000000000000000, 0.000000000000000000, -1.000000000000000000 ) ) ;
#1087 = EDGE_CURVE ( 'NONE', #2210, #1765, #1514, .T. ) ;
#1088 = EDGE_LOOP ( 'NONE', ( #1541, #1441, #724, #1234 ) ) ;
#1089 = DIRECTION ( 'NONE',  ( 0.000000000000000000, 0.000000000000000000, -1.000000000000000000 ) ) ;
#1090 = DIRECTION ( 'NONE',  ( -0.000000000000000000, 1.000000000000000000, -0.000000000000000000 ) ) ;
#1091 = EDGE_CURVE ( 'NONE', #1804, #1622, #2146, .T. ) ;
#1092 = ORIENTED_EDGE ( 'NONE', *, *, #1939, .T. ) ;
#1093 = CARTESIAN_POINT ( 'NONE',  ( 7.347880794884119736E-16, -9.000000000000001776, -6.000000000000000888 ) ) ;
#1094 = LINE ( 'NONE', #1080, #675 ) ;
#1095 = ORIENTED_EDGE ( 'NONE', *, *, #68, .T. ) ;
#1096 = LINE ( 'NONE', #2399, #1842 ) ;
#1097 = DIRECTION ( 'NONE',  ( 0.000000000000000000, 0.000000000000000000, 1.000000000000000000 ) ) ;
#1098 = VECTOR ( 'NONE', #514, 1000.000000000000000 ) ;
#1099 = AXIS2_PLACEMENT_3D ( 'NONE', #2232, #188, #2402 ) ;
#1100 = ORIENTED_EDGE ( 'NONE', *, *, #808, .F. ) ;
#1101 = CARTESIAN_POINT ( 'NONE',  ( 8.484105252154705568, -53.00000000000000000, -0.9999999999999995559 ) ) ;
#1102 = CARTESIAN_POINT ( 'NONE',  ( -8.379555213223521315E-14, 13.00000000000000000, 12.00000000000000178 ) ) ;
#1103 = ADVANCED_FACE ( 'NONE', ( #1737 ), #459, .F. ) ;
#1104 = VERTEX_POINT ( 'NONE', #1200 ) ;
#1105 = CARTESIAN_POINT ( 'NONE',  ( 10.64354390525167737, -43.00000000000000000, 3.000000000000001776 ) ) ;
#1106 = LINE ( 'NONE', #1316, #1663 ) ;
#1107 = EDGE_CURVE ( 'NONE', #2423, #1374, #1308, .T. ) ;
#1108 = CIRCLE ( 'NONE', #444, 1.550000000000000488 ) ;
#1109 = VECTOR ( 'NONE', #1716, 1000.000000000000000 ) ;
#1110 = ORIENTED_EDGE ( 'NONE', *, *, #627, .T. ) ;
#1111 = AXIS2_PLACEMENT_3D ( 'NONE', #2384, #1481, #877 ) ;
#1112 = DIRECTION ( 'NONE',  ( -1.000000000000000000, 0.000000000000000000, -2.797941090285169632E-16 ) ) ;
#1113 = CARTESIAN_POINT ( 'NONE',  ( 0.000000000000000000, -4.999999999999997335, 4.750000000000000000 ) ) ;
#1114 = ORIENTED_EDGE ( 'NONE', *, *, #1198, .T. ) ;
#1115 = SURFACE_SIDE_STYLE ('',( #560 ) ) ;
#1116 = DIRECTION ( 'NONE',  ( -0.000000000000000000, -1.000000000000000000, -0.000000000000000000 ) ) ;
#1117 = ORIENTED_EDGE ( 'NONE', *, *, #847, .T. ) ;
#1118 = DIRECTION ( 'NONE',  ( 0.000000000000000000, 0.000000000000000000, -1.000000000000000000 ) ) ;
#1119 = CARTESIAN_POINT ( 'NONE',  ( -8.342815809249100770E-14, 6.000000000000000000, 15.00000000000000355 ) ) ;
#1120 = ADVANCED_FACE ( 'NONE', ( #1958 ), #2298, .F. ) ;
#1121 = EDGE_LOOP ( 'NONE', ( #1896, #247 ) ) ;
#1122 = DIRECTION ( 'NONE',  ( -0.000000000000000000, 1.000000000000000000, -0.000000000000000000 ) ) ;
#1123 = AXIS2_PLACEMENT_3D ( 'NONE', #1473, #1294, #366 ) ;
#1124 = FACE_OUTER_BOUND ( 'NONE', #975, .T. ) ;
#1125 = AXIS2_PLACEMENT_3D ( 'NONE', #2052, #569, #1847 ) ;
#1126 = EDGE_LOOP ( 'NONE', ( #102, #819, #270, #947, #1599 ) ) ;
#1127 = CARTESIAN_POINT ( 'NONE',  ( 6.928203230275510549, -8.000000000000000000, -0.9999999999999995559 ) ) ;
#1128 = PLANE ( 'NONE',  #753 ) ;
#1129 = ORIENTED_EDGE ( 'NONE', *, *, #1717, .F. ) ;
#1130 = CARTESIAN_POINT ( 'NONE',  ( 7.500000000000002665, 0.000000000000000000, 8.999999999999998224 ) ) ;
#1131 = LINE ( 'NONE', #2223, #1305 ) ;
#1132 = DIRECTION ( 'NONE',  ( -1.000000000000000000, 0.000000000000000000, -0.000000000000000000 ) ) ;
#1133 = ORIENTED_EDGE ( 'NONE', *, *, #1439, .T. ) ;
#1134 = EDGE_CURVE ( 'NONE', #721, #538, #871, .T. ) ;
#1135 = AXIS2_PLACEMENT_3D ( 'NONE', #1371, #1760, #1185 ) ;
#1136 = CARTESIAN_POINT ( 'NONE',  ( 0.000000000000000000, -9.000000000000001776, 0.000000000000000000 ) ) ;
#1137 = EDGE_CURVE ( 'NONE', #1820, #1286, #2131, .T. ) ;
#1138 = CIRCLE ( 'NONE', #826, 1.549999999999999378 ) ;
#1139 = EDGE_LOOP ( 'NONE', ( #2037, #494 ) ) ;
#1140 = LINE ( 'NONE', #2070, #593 ) ;
#1141 = ORIENTED_EDGE ( 'NONE', *, *, #1300, .T. ) ;
#1142 = CARTESIAN_POINT ( 'NONE',  ( -8.360573187836737493E-14, 6.000000000000000000, 13.55000000000000249 ) ) ;
#1143 = DIRECTION ( 'NONE',  ( 0.000000000000000000, 0.000000000000000000, 1.000000000000000000 ) ) ;
#1144 = ORIENTED_EDGE ( 'NONE', *, *, #806, .T. ) ;
#1145 = CARTESIAN_POINT ( 'NONE',  ( 1.898202538678396226E-16, 13.00000000000000000, -10.45000000000000107 ) ) ;
#1146 = AXIS2_PLACEMENT_3D ( 'NONE', #1414, #96, #834 ) ;
#1147 = DIRECTION ( 'NONE',  ( 1.000000000000000000, 0.000000000000000000, 0.000000000000000000 ) ) ;
#1148 = EDGE_CURVE ( 'NONE', #1622, #1168, #457, .T. ) ;
#1149 = VECTOR ( 'NONE', #1661, 1000.000000000000000 ) ;
#1150 = ORIENTED_EDGE ( 'NONE', *, *, #1764, .F. ) ;
#1151 = DIRECTION ( 'NONE',  ( 0.000000000000000000, 0.000000000000000000, 1.000000000000000000 ) ) ;
#1152 = ORIENTED_EDGE ( 'NONE', *, *, #1242, .F. ) ;
#1153 = DIRECTION ( 'NONE',  ( 0.000000000000000000, 1.000000000000000000, 0.000000000000000000 ) ) ;
#1154 = LINE ( 'NONE', #616, #476 ) ;
#1155 = CARTESIAN_POINT ( 'NONE',  ( 6.845570613868309451, -18.00000000000000355, 3.000000000000000000 ) ) ;
#1156 = VERTEX_POINT ( 'NONE', #769 ) ;
#1157 = DIRECTION ( 'NONE',  ( 0.000000000000000000, -1.000000000000000000, 0.000000000000000000 ) ) ;
#1158 = CYLINDRICAL_SURFACE ( 'NONE', #702, 3.000000000000000888 ) ;
#1159 = AXIS2_PLACEMENT_3D ( 'NONE', #13, #2254, #701 ) ;
#1160 = VERTEX_POINT ( 'NONE', #1188 ) ;
#1161 = CARTESIAN_POINT ( 'NONE',  ( 0.000000000000000000, 13.00000000000000000, -13.55000000000000249 ) ) ;
#1162 = EDGE_CURVE ( 'NONE', #1246, #445, #259, .T. ) ;
#1163 = ORIENTED_EDGE ( 'NONE', *, *, #2123, .T. ) ;
#1164 = DIRECTION ( 'NONE',  ( 0.000000000000000000, 0.000000000000000000, -1.000000000000000000 ) ) ;
#1165 = CARTESIAN_POINT ( 'NONE',  ( -8.379555213223521315E-14, 6.000000000000000000, 10.45000000000000107 ) ) ;
#1166 = DIRECTION ( 'NONE',  ( 0.000000000000000000, 1.000000000000000000, 0.000000000000000000 ) ) ;
#1167 = EDGE_CURVE ( 'NONE', #6, #2064, #1194, .T. ) ;
#1168 = VERTEX_POINT ( 'NONE', #43 ) ;
#1169 = DIRECTION ( 'NONE',  ( 0.000000000000000000, 0.000000000000000000, -1.000000000000000000 ) ) ;
#1170 = PLANE ( 'NONE',  #1212 ) ;
#1171 = DIRECTION ( 'NONE',  ( -0.000000000000000000, -1.000000000000000000, -0.000000000000000000 ) ) ;
#1172 = CIRCLE ( 'NONE', #2288, 16.50000000000000000 ) ;
#1173 = EDGE_LOOP ( 'NONE', ( #2397, #876 ) ) ;
#1174 = B_SPLINE_CURVE_WITH_KNOTS ( 'NONE', 3,
 ( #1722, #2115, #428, #2329, #1932, #631, #41, #1387 ),
 .UNSPECIFIED., .F., .F.,
 ( 4, 2, 2, 4 ),
 ( 8.673617379884034509E-19, 0.0003941152926326824124, 0.0007882305852653639575, 0.001576461170530727048 ),
 .UNSPECIFIED. ) ;
#1175 = CARTESIAN_POINT ( 'NONE',  ( 8.395570613868308385, -18.00000000000000355, -17.00000000000000000 ) ) ;
#1176 = CIRCLE ( 'NONE', #894, 4.750000000000000000 ) ;
#1177 = PRODUCT_DEFINITION ( 'æœ', '', #1249, #1768 ) ;
#1178 = VERTEX_POINT ( 'NONE', #998 ) ;
#1179 = CARTESIAN_POINT ( 'NONE',  ( 4.643543905251676485, -13.00000000000000178, -1.000000000000000000 ) ) ;
#1180 = CARTESIAN_POINT ( 'NONE',  ( 0.000000000000000000, 0.000000000000000000, 0.000000000000000000 ) ) ;
#1181 = EDGE_CURVE ( 'NONE', #110, #1265, #2117, .T. ) ;
#1182 = VERTEX_POINT ( 'NONE', #1766 ) ;
#1183 = DIRECTION ( 'NONE',  ( 0.000000000000000000, 0.000000000000000000, -1.000000000000000000 ) ) ;
#1184 = CIRCLE ( 'NONE', #748, 1.550000000000000488 ) ;
#1185 = DIRECTION ( 'NONE',  ( 0.000000000000000000, -1.000000000000000000, -2.891205793294679312E-16 ) ) ;
#1186 = FACE_OUTER_BOUND ( 'NONE', #485, .T. ) ;
#1187 = VERTEX_POINT ( 'NONE', #1543 ) ;
#1188 = CARTESIAN_POINT ( 'NONE',  ( -5.499999999999995559, -5.000000000000000000, -6.000000000000007105 ) ) ;
#1189 = VECTOR ( 'NONE', #2275, 1000.000000000000000 ) ;
#1190 = EDGE_LOOP ( 'NONE', ( #1301, #805 ) ) ;
#1191 = CARTESIAN_POINT ( 'NONE',  ( 0.000000000000000000, 0.000000000000000000, -12.00000000000000178 ) ) ;
#1192 = FACE_OUTER_BOUND ( 'NONE', #1082, .T. ) ;
#1193 = ORIENTED_EDGE ( 'NONE', *, *, #19, .F. ) ;
#1194 = CIRCLE ( 'NONE', #142, 3.000000000000000888 ) ;
#1195 = EDGE_CURVE ( 'NONE', #1358, #2210, #1392, .T. ) ;
#1196 = DIRECTION ( 'NONE',  ( 0.000000000000000000, -1.000000000000000000, 0.000000000000000000 ) ) ;
#1197 = CARTESIAN_POINT ( 'NONE',  ( 0.000000000000000000, -52.00000000000000000, 0.000000000000000000 ) ) ;
#1198 = EDGE_CURVE ( 'NONE', #1453, #1273, #1511, .T. ) ;
#1199 = ORIENTED_EDGE ( 'NONE', *, *, #1091, .T. ) ;
#1200 = CARTESIAN_POINT ( 'NONE',  ( 6.845570613868309451, -18.00000000000000355, 1.000000000000000444 ) ) ;
#1201 = ORIENTED_EDGE ( 'NONE', *, *, #2139, .F. ) ;
#1202 = CARTESIAN_POINT ( 'NONE',  ( -12.00000000000000000, 6.000000000000000000, 3.000000000000042633 ) ) ;
#1203 = CARTESIAN_POINT ( 'NONE',  ( 0.000000000000000000, 10.00000000000000000, 0.000000000000000000 ) ) ;
#1204 = DIRECTION ( 'NONE',  ( -0.000000000000000000, -0.000000000000000000, 1.000000000000000000 ) ) ;
#1205 = CIRCLE ( 'NONE', #1527, 1.550000000000000488 ) ;
#1206 = ORIENTED_EDGE ( 'NONE', *, *, #1988, .T. ) ;
#1207 = CARTESIAN_POINT ( 'NONE',  ( 0.000000000000000000, 0.000000000000000000, -9.000000000000001776 ) ) ;
#1208 = EDGE_CURVE ( 'NONE', #1575, #1593, #634, .T. ) ;
#1209 = EDGE_CURVE ( 'NONE', #2401, #1765, #1708, .T. ) ;
#1210 = VERTEX_POINT ( 'NONE', #282 ) ;
#1211 = CARTESIAN_POINT ( 'NONE',  ( 0.000000000000000000, 13.00000000000000000, 0.000000000000000000 ) ) ;
#1212 = AXIS2_PLACEMENT_3D ( 'NONE', #244, #1735, #981 ) ;
#1213 = ORIENTED_EDGE ( 'NONE', *, *, #1939, .F. ) ;
#1214 = DIRECTION ( 'NONE',  ( -1.000000000000000000, -0.000000000000000000, -0.000000000000000000 ) ) ;
#1215 = FACE_BOUND ( 'NONE', #150, .T. ) ;
#1216 = ORIENTED_EDGE ( 'NONE', *, *, #1746, .F. ) ;
#1217 = AXIS2_PLACEMENT_3D ( 'NONE', #1951, #1394, #2286 ) ;
#1218 = DIRECTION ( 'NONE',  ( 0.000000000000000000, -1.000000000000000000, 0.000000000000000000 ) ) ;
#1219 = VECTOR ( 'NONE', #2398, 1000.000000000000000 ) ;
#1220 = ORIENTED_EDGE ( 'NONE', *, *, #1597, .F. ) ;
#1221 = EDGE_LOOP ( 'NONE', ( #1117, #2185 ) ) ;
#1222 = AXIS2_PLACEMENT_3D ( 'NONE', #322, #1311, #2071 ) ;
#1223 = ADVANCED_FACE ( 'NONE', ( #831 ), #469, .T. ) ;
#1224 = AXIS2_PLACEMENT_3D ( 'NONE', #206, #35, #589 ) ;
#1225 = ORIENTED_EDGE ( 'NONE', *, *, #1620, .F. ) ;
#1226 = CARTESIAN_POINT ( 'NONE',  ( 5.196152422706632024, -43.00000000000000000, 3.000000000000000888 ) ) ;
#1227 = CARTESIAN_POINT ( 'NONE',  ( 5.196152422706632912, -53.00000000000000000, -2.999999999999999112 ) ) ;
#1228 = CARTESIAN_POINT ( 'NONE',  ( 8.393543905251677373, -38.00000000000000711, -17.00000000000000000 ) ) ;
#1229 = VECTOR ( 'NONE', #2128, 1000.000000000000000 ) ;
#1230 = ORIENTED_EDGE ( 'NONE', *, *, #68, .F. ) ;
#1231 = FACE_OUTER_BOUND ( 'NONE', #395, .T. ) ;
#1232 = VERTEX_POINT ( 'NONE', #1590 ) ;
#1233 = EDGE_LOOP ( 'NONE', ( #1092, #2034, #2415, #402 ) ) ;
#1234 = ORIENTED_EDGE ( 'NONE', *, *, #2045, .T. ) ;
#1235 = DIRECTION ( 'NONE',  ( 0.000000000000000000, -1.000000000000000000, -0.000000000000000000 ) ) ;
#1236 = CARTESIAN_POINT ( 'NONE',  ( 12.00000000000000178, 0.000000000000000000, 4.189777606611760657E-14 ) ) ;
#1237 = CARTESIAN_POINT ( 'NONE',  ( 5.916079783099616130, -13.00000000000001776, 0.9999999999999995559 ) ) ;
#1238 = EDGE_CURVE ( 'NONE', #802, #781, #985, .T. ) ;
#1239 = VECTOR ( 'NONE', #1070, 1000.000000000000000 ) ;
#1240 = ORIENTED_EDGE ( 'NONE', *, *, #547, .F. ) ;
#1241 = CYLINDRICAL_SURFACE ( 'NONE', #1750, 1.550000000000000933 ) ;
#1242 = EDGE_CURVE ( 'NONE', #1979, #2106, #92, .T. ) ;
#1243 = FACE_BOUND ( 'NONE', #1121, .T. ) ;
#1244 = ORIENTED_EDGE ( 'NONE', *, *, #2307, .F. ) ;
#1245 = EDGE_LOOP ( 'NONE', ( #521, #2130, #1410, #1585 ) ) ;
#1246 = VERTEX_POINT ( 'NONE', #2074 ) ;
#1247 = PLANE ( 'NONE',  #1258 ) ;
#1248 = DIRECTION ( 'NONE',  ( 0.000000000000000000, 0.000000000000000000, -1.000000000000000000 ) ) ;
#1249 = PRODUCT_DEFINITION_FORMATION_WITH_SPECIFIED_SOURCE ( 'ä»', '', #2125, .NOT_KNOWN. ) ;
#1250 = EDGE_LOOP ( 'NONE', ( #1141, #275, #1150, #284 ) ) ;
#1251 = LINE ( 'NONE', #156, #1867 ) ;
#1252 = ADVANCED_FACE ( 'NONE', ( #1870 ), #362, .F. ) ;
#1253 = CIRCLE ( 'NONE', #205, 4.750000000000000000 ) ;
#1254 = EDGE_CURVE ( 'NONE', #2332, #1372, #1520, .T. ) ;
#1255 = SHAPE_DEFINITION_REPRESENTATION ( #992, #1447 ) ;
#1256 = DIRECTION ( 'NONE',  ( 0.000000000000000000, 0.000000000000000000, -1.000000000000000000 ) ) ;
#1257 = ORIENTED_EDGE ( 'NONE', *, *, #1051, .F. ) ;
#1258 = AXIS2_PLACEMENT_3D ( 'NONE', #1036, #107, #2390 ) ;
#1259 = ORIENTED_EDGE ( 'NONE', *, *, #231, .T. ) ;
#1260 = CIRCLE ( 'NONE', #129, 1.550000000000000933 ) ;
#1261 = ORIENTED_EDGE ( 'NONE', *, *, #1021, .T. ) ;
#1262 = CARTESIAN_POINT ( 'NONE',  ( 5.916079783099616130, -9.000000000000014211, 0.9999999999999995559 ) ) ;
#1263 = DIRECTION ( 'NONE',  ( 0.000000000000000000, 0.000000000000000000, 1.000000000000000000 ) ) ;
#1264 = VECTOR ( 'NONE', #1950, 1000.000000000000000 ) ;
#1265 = VERTEX_POINT ( 'NONE', #1105 ) ;
#1266 = CARTESIAN_POINT ( 'NONE',  ( 0.000000000000000000, 13.00000000000000000, -12.00000000000000178 ) ) ;
#1267 = AXIS2_PLACEMENT_3D ( 'NONE', #670, #2221, #1248 ) ;
#1268 = ORIENTED_EDGE ( 'NONE', *, *, #1916, .F. ) ;
#1269 = EDGE_CURVE ( 'NONE', #1078, #614, #1689, .T. ) ;
#1270 = CARTESIAN_POINT ( 'NONE',  ( 0.000000000000000000, 6.000000000000000000, -12.00000000000000178 ) ) ;
#1271 = CARTESIAN_POINT ( 'NONE',  ( -12.00000000000000000, 13.00000000000000000, 1.549999999999874589 ) ) ;
#1272 = EDGE_CURVE ( 'NONE', #768, #1758, #1131, .T. ) ;
#1273 = VERTEX_POINT ( 'NONE', #1142 ) ;
#1274 = DIRECTION ( 'NONE',  ( 0.000000000000000000, -1.000000000000000000, 0.000000000000000000 ) ) ;
#1275 = CARTESIAN_POINT ( 'NONE',  ( 0.000000000000000000, 13.00000000000000000, -13.55000000000000249 ) ) ;
#1276 = ORIENTED_EDGE ( 'NONE', *, *, #312, .T. ) ;
#1277 = DIRECTION ( 'NONE',  ( -0.000000000000000000, 1.000000000000000000, -0.000000000000000000 ) ) ;
#1278 = CARTESIAN_POINT ( 'NONE',  ( -12.00000000000000000, 6.000000000000000000, 1.549999999999874589 ) ) ;
#1279 = AXIS2_PLACEMENT_3D ( 'NONE', #568, #1859, #196 ) ;
#1280 = APPLICATION_PROTOCOL_DEFINITION ( 'draft international standard', 'automotive_design', 1998, #1505 ) ;
#1281 = ORIENTED_EDGE ( 'NONE', *, *, #550, .F. ) ;
#1282 = CARTESIAN_POINT ( 'NONE',  ( 5.196152422706632024, -33.00000000000000711, 3.000000000000001776 ) ) ;
#1283 = EDGE_CURVE ( 'NONE', #2024, #841, #7, .T. ) ;
#1284 = PLANE ( 'NONE',  #588 ) ;
#1285 = EDGE_CURVE ( 'NONE', #1445, #1010, #1480, .T. ) ;
#1286 = VERTEX_POINT ( 'NONE', #552 ) ;
#1287 = DIRECTION ( 'NONE',  ( 0.000000000000000000, 0.000000000000000000, -1.000000000000000000 ) ) ;
#1288 = CARTESIAN_POINT ( 'NONE',  ( 8.395570613868308385, -18.00000000000000355, -2.999999999999999112 ) ) ;
#1289 = CARTESIAN_POINT ( 'NONE',  ( 3.673940397442059868E-16, 6.000000000000000000, -9.000000000000001776 ) ) ;
#1290 = ORIENTED_EDGE ( 'NONE', *, *, #1167, .F. ) ;
#1291 = DIRECTION ( 'NONE',  ( 0.000000000000000000, 1.000000000000000000, 0.000000000000000000 ) ) ;
#1292 = DIRECTION ( 'NONE',  ( 0.000000000000000000, -0.000000000000000000, -1.000000000000000000 ) ) ;
#1293 = ORIENTED_EDGE ( 'NONE', *, *, #269, .T. ) ;
#1294 = DIRECTION ( 'NONE',  ( 1.000000000000000000, 0.000000000000000000, -0.000000000000000000 ) ) ;
#1295 = CARTESIAN_POINT ( 'NONE',  ( 0.000000000000000000, -9.000000000000001776, 0.000000000000000000 ) ) ;
#1296 = VECTOR ( 'NONE', #371, 1000.000000000000000 ) ;
#1297 = ORIENTED_EDGE ( 'NONE', *, *, #1331, .T. ) ;
#1298 =( LENGTH_UNIT ( ) NAMED_UNIT ( * ) SI_UNIT ( .MILLI., .METRE. ) );
#1299 = DIRECTION ( 'NONE',  ( 0.000000000000000000, 0.000000000000000000, 1.000000000000000000 ) ) ;
#1300 = EDGE_CURVE ( 'NONE', #242, #2140, #2433, .T. ) ;
#1301 = ORIENTED_EDGE ( 'NONE', *, *, #309, .F. ) ;
#1302 = CARTESIAN_POINT ( 'NONE',  ( 9.945570613868307319, -18.00000000000000355, -17.00000000000000000 ) ) ;
#1303 = CARTESIAN_POINT ( 'NONE',  ( 0.000000000000000000, 13.00000000000000000, -4.750000000000000000 ) ) ;
#1304 = EDGE_LOOP ( 'NONE', ( #148, #1931, #2312, #424 ) ) ;
#1305 = VECTOR ( 'NONE', #1327, 1000.000000000000000 ) ;
#1306 = DIRECTION ( 'NONE',  ( 0.000000000000000000, 0.000000000000000000, 1.000000000000000000 ) ) ;
#1307 = DIRECTION ( 'NONE',  ( 0.000000000000000000, 0.000000000000000000, -1.000000000000000000 ) ) ;
#1308 = CIRCLE ( 'NONE', #1710, 3.000000000000000444 ) ;
#1309 = ORIENTED_EDGE ( 'NONE', *, *, #2195, .F. ) ;
#1310 = CARTESIAN_POINT ( 'NONE',  ( -8.379555213223521315E-14, 6.000000000000000000, 12.00000000000000178 ) ) ;
#1311 = DIRECTION ( 'NONE',  ( 0.000000000000000000, -1.000000000000000000, 0.000000000000000000 ) ) ;
#1312 = EDGE_CURVE ( 'NONE', #1795, #1232, #253, .T. ) ;
#1313 = EDGE_LOOP ( 'NONE', ( #235, #705 ) ) ;
#1314 = LINE ( 'NONE', #960, #811 ) ;
#1315 = CARTESIAN_POINT ( 'NONE',  ( -8.379555213223521315E-14, 6.000000000000000000, 12.00000000000000178 ) ) ;
#1316 = CARTESIAN_POINT ( 'NONE',  ( 5.916079783099616130, -53.00000000000000000, 0.9999999999999995559 ) ) ;
#1317 = EDGE_CURVE ( 'NONE', #1688, #122, #916, .T. ) ;
#1318 = ORIENTED_EDGE ( 'NONE', *, *, #1649, .F. ) ;
#1319 = CARTESIAN_POINT ( 'NONE',  ( 0.000000000000000000, 0.000000000000000000, 8.999999999999998224 ) ) ;
#1320 = CARTESIAN_POINT ( 'NONE',  ( 0.000000000000000000, 10.00000000000000000, 0.000000000000000000 ) ) ;
#1321 = VECTOR ( 'NONE', #2255, 1000.000000000000000 ) ;
#1322 =( LENGTH_UNIT ( ) NAMED_UNIT ( * ) SI_UNIT ( .MILLI., .METRE. ) );
#1323 = ORIENTED_EDGE ( 'NONE', *, *, #360, .F. ) ;
#1324 = FACE_OUTER_BOUND ( 'NONE', #527, .T. ) ;
#1325 = ORIENTED_EDGE ( 'NONE', *, *, #36, .F. ) ;
#1326 = FACE_OUTER_BOUND ( 'NONE', #1088, .T. ) ;
#1327 = DIRECTION ( 'NONE',  ( -0.000000000000000000, 1.000000000000000000, -0.000000000000000000 ) ) ;
#1328 = FACE_OUTER_BOUND ( 'NONE', #2274, .T. ) ;
#1329 = VERTEX_POINT ( 'NONE', #1493 ) ;
#1330 = DIRECTION ( 'NONE',  ( 0.000000000000000000, -1.000000000000000000, 0.000000000000000000 ) ) ;
#1331 = EDGE_CURVE ( 'NONE', #614, #764, #1507, .T. ) ;
#1332 = EDGE_CURVE ( 'NONE', #517, #1372, #1625, .T. ) ;
#1333 = AXIS2_PLACEMENT_3D ( 'NONE', #1923, #233, #1733 ) ;
#1334 = PLANE ( 'NONE',  #2178 ) ;
#1335 = CIRCLE ( 'NONE', #89, 1.550000000000001821 ) ;
#1336 = ORIENTED_EDGE ( 'NONE', *, *, #978, .T. ) ;
#1337 = CIRCLE ( 'NONE', #2293, 5.750000000000000000 ) ;
#1338 = CARTESIAN_POINT ( 'NONE',  ( 0.000000000000000000, 0.000000000000000000, -9.000000000000001776 ) ) ;
#1339 = EDGE_LOOP ( 'NONE', ( #2269, #2376, #2379, #1072 ) ) ;
#1340 = CARTESIAN_POINT ( 'NONE',  ( 4.643543905251676485, -43.00000000000000000, 0.9999999999999991118 ) ) ;
#1341 = PLANE ( 'NONE',  #936 ) ;
#1342 = DIRECTION ( 'NONE',  ( 0.000000000000000000, -1.000000000000000000, 0.000000000000000000 ) ) ;
#1343 = VERTEX_POINT ( 'NONE', #1651 ) ;
#1344 = FACE_OUTER_BOUND ( 'NONE', #1755, .T. ) ;
#1345 = CIRCLE ( 'NONE', #288, 3.000000000000000888 ) ;
#1346 = AXIS2_PLACEMENT_3D ( 'NONE', #193, #2075, #1143 ) ;
#1347 = CARTESIAN_POINT ( 'NONE',  ( 5.916079783099615241, -53.00000000000000000, -0.9999999999999995559 ) ) ;
#1348 = EDGE_CURVE ( 'NONE', #1949, #2386, #164, .T. ) ;
#1349 = DIRECTION ( 'NONE',  ( 0.000000000000000000, 0.000000000000000000, -1.000000000000000000 ) ) ;
#1350 = AXIS2_PLACEMENT_3D ( 'NONE', #995, #27, #1749 ) ;
#1351 = EDGE_CURVE ( 'NONE', #1273, #1453, #401, .T. ) ;
#1352 = ORIENTED_EDGE ( 'NONE', *, *, #1452, .F. ) ;
#1353 = DIRECTION ( 'NONE',  ( 0.000000000000000000, 0.000000000000000000, -1.000000000000000000 ) ) ;
#1354 = ORIENTED_EDGE ( 'NONE', *, *, #312, .F. ) ;
#1355 = CARTESIAN_POINT ( 'NONE',  ( 8.395570613868308385, -18.00000000000000355, -1.000000000000000888 ) ) ;
#1356 = DIRECTION ( 'NONE',  ( -0.000000000000000000, -0.000000000000000000, 1.000000000000000000 ) ) ;
#1357 = PLANE ( 'NONE',  #2014 ) ;
#1358 = VERTEX_POINT ( 'NONE', #1093 ) ;
#1359 = FACE_OUTER_BOUND ( 'NONE', #1339, .T. ) ;
#1360 = DIRECTION ( 'NONE',  ( 1.000000000000000000, 0.000000000000000000, 0.000000000000000000 ) ) ;
#1361 = AXIS2_PLACEMENT_3D ( 'NONE', #2066, #1670, #891 ) ;
#1362 = EDGE_CURVE ( 'NONE', #1789, #1187, #2129, .T. ) ;
#1363 = VERTEX_POINT ( 'NONE', #1854 ) ;
#1364 = DIRECTION ( 'NONE',  ( 0.000000000000000000, 0.000000000000000000, -1.000000000000000000 ) ) ;
#1365 = EDGE_CURVE ( 'NONE', #208, #1669, #1337, .T. ) ;
#1366 = ORIENTED_EDGE ( 'NONE', *, *, #2139, .T. ) ;
#1367 = DIRECTION ( 'NONE',  ( -0.000000000000000000, 1.000000000000000000, -0.000000000000000000 ) ) ;
#1368 = CARTESIAN_POINT ( 'NONE',  ( 0.000000000000000000, 0.000000000000000000, -9.000000000000001776 ) ) ;
#1369 = LINE ( 'NONE', #825, #2334 ) ;
#1370 = EDGE_LOOP ( 'NONE', ( #105, #1216, #2289, #2245 ) ) ;
#1371 = CARTESIAN_POINT ( 'NONE',  ( -5.499999999999999112, -1.000000000000000444, 5.999999999999993783 ) ) ;
#1372 = VERTEX_POINT ( 'NONE', #901 ) ;
#1373 = LINE ( 'NONE', #1540, #1578 ) ;
#1374 = VERTEX_POINT ( 'NONE', #1666 ) ;
#1375 = DIRECTION ( 'NONE',  ( -1.000000000000000000, 0.000000000000000000, -2.418923110329416679E-16 ) ) ;
#1376 = CIRCLE ( 'NONE', #1693, 6.000000000000000888 ) ;
#1377 = ORIENTED_EDGE ( 'NONE', *, *, #1167, .T. ) ;
#1378 = LINE ( 'NONE', #126, #671 ) ;
#1379 = DIRECTION ( 'NONE',  ( 1.000000000000000000, 0.000000000000000000, -1.224646799147353207E-16 ) ) ;
#1380 = CARTESIAN_POINT ( 'NONE',  ( 0.000000000000000000, -53.00000000000000000, -5.750000000000000000 ) ) ;
#1381 = EDGE_CURVE ( 'NONE', #1358, #842, #1376, .T. ) ;
#1382 = ORIENTED_EDGE ( 'NONE', *, *, #770, .F. ) ;
#1383 = DIRECTION ( 'NONE',  ( 0.000000000000000000, -1.000000000000000000, 0.000000000000000000 ) ) ;
#1384 = EDGE_CURVE ( 'NONE', #2024, #1820, #2209, .T. ) ;
#1385 = AXIS2_PLACEMENT_3D ( 'NONE', #1929, #988, #251 ) ;
#1386 = CYLINDRICAL_SURFACE ( 'NONE', #1333, 1.550000000000000933 ) ;
#1387 = CARTESIAN_POINT ( 'NONE',  ( 4.643543905251676485, -52.00000000000000000, 0.9999999999999991118 ) ) ;
#1388 = AXIS2_PLACEMENT_3D ( 'NONE', #1413, #2169, #1634 ) ;
#1389 = ORIENTED_EDGE ( 'NONE', *, *, #1425, .F. ) ;
#1390 = CARTESIAN_POINT ( 'NONE',  ( 9.943543905251678083, -38.00000000000000711, -17.00000000000000000 ) ) ;
#1391 = AXIS2_PLACEMENT_3D ( 'NONE', #1077, #885, #898 ) ;
#1392 = CIRCLE ( 'NONE', #138, 1.000000000000000000 ) ;
#1393 = ORIENTED_EDGE ( 'NONE', *, *, #1283, .T. ) ;
#1394 = DIRECTION ( 'NONE',  ( -0.000000000000000000, -0.000000000000000000, 1.000000000000000000 ) ) ;
#1395 = CARTESIAN_POINT ( 'NONE',  ( 6.845570613868309451, -18.00000000000000355, -17.00000000000000000 ) ) ;
#1396 = ADVANCED_FACE ( 'NONE', ( #1741 ), #1546, .F. ) ;
#1397 = ORIENTED_EDGE ( 'NONE', *, *, #1312, .F. ) ;
#1398 = ADVANCED_FACE ( 'NONE', ( #2109 ), #1341, .F. ) ;
#1399 = DIRECTION ( 'NONE',  ( -0.000000000000000000, -1.000000000000000000, -0.000000000000000000 ) ) ;
#1400 = DIRECTION ( 'NONE',  ( 0.000000000000000000, 0.000000000000000000, -1.000000000000000000 ) ) ;
#1401 = AXIS2_PLACEMENT_3D ( 'NONE', #1740, #654, #1444 ) ;
#1402 = ORIENTED_EDGE ( 'NONE', *, *, #1824, .T. ) ;
#1403 = FACE_OUTER_BOUND ( 'NONE', #2410, .T. ) ;
#1404 = FACE_OUTER_BOUND ( 'NONE', #1518, .T. ) ;
#1405 = CARTESIAN_POINT ( 'NONE',  ( 10.64354390525167737, -43.00000000000000000, -2.999999999999999112 ) ) ;
#1406 = ORIENTED_EDGE ( 'NONE', *, *, #1107, .T. ) ;
#1407 = FACE_BOUND ( 'NONE', #1431, .T. ) ;
#1408 = ORIENTED_EDGE ( 'NONE', *, *, #547, .T. ) ;
#1409 = EDGE_CURVE ( 'NONE', #548, #979, #1418, .T. ) ;
#1410 = ORIENTED_EDGE ( 'NONE', *, *, #2364, .F. ) ;
#1411 = VECTOR ( 'NONE', #2306, 1000.000000000000000 ) ;
#1412 = ORIENTED_EDGE ( 'NONE', *, *, #623, .F. ) ;
#1413 = CARTESIAN_POINT ( 'NONE',  ( 0.000000000000000000, -9.000000000000001776, 0.000000000000000000 ) ) ;
#1414 = CARTESIAN_POINT ( 'NONE',  ( 0.000000000000000000, -33.00000000000000711, 0.000000000000000000 ) ) ;
#1415 = DIRECTION ( 'NONE',  ( -2.418923110329417172E-16, 0.000000000000000000, 1.000000000000000000 ) ) ;
#1416 = CARTESIAN_POINT ( 'NONE',  ( 4.643543905251676485, -43.00000000000000000, 3.000000000000001776 ) ) ;
#1417 = EDGE_LOOP ( 'NONE', ( #1434, #1612, #989, #379 ) ) ;
#1418 = CIRCLE ( 'NONE', #1542, 4.750000000000000000 ) ;
#1419 = DIRECTION ( 'NONE',  ( 0.000000000000000000, 0.000000000000000000, -1.000000000000000000 ) ) ;
#1420 = AXIS2_PLACEMENT_3D ( 'NONE', #2021, #336, #539 ) ;
#1421 = EDGE_CURVE ( 'NONE', #841, #1286, #1656, .T. ) ;
#1422 = CARTESIAN_POINT ( 'NONE',  ( 7.500000000000000888, -5.000000000000000000, 5.999999999999995559 ) ) ;
#1423 = CIRCLE ( 'NONE', #1980, 3.000000000000000444 ) ;
#1424 = VECTOR ( 'NONE', #1678, 1000.000000000000000 ) ;
#1425 = EDGE_CURVE ( 'NONE', #1467, #983, #1928, .T. ) ;
#1426 = VERTEX_POINT ( 'NONE', #2302 ) ;
#1427 = DIRECTION ( 'NONE',  ( 0.000000000000000000, 1.000000000000000000, 0.000000000000000000 ) ) ;
#1428 = FACE_BOUND ( 'NONE', #1190, .T. ) ;
#1429 = CYLINDRICAL_SURFACE ( 'NONE', #1391, 3.000000000000000444 ) ;
#1430 = VECTOR ( 'NONE', #325, 1000.000000000000000 ) ;
#1431 = EDGE_LOOP ( 'NONE', ( #815, #1957 ) ) ;
#1432 = DIRECTION ( 'NONE',  ( 0.000000000000000000, 0.000000000000000000, -1.000000000000000000 ) ) ;
#1433 = FACE_OUTER_BOUND ( 'NONE', #175, .T. ) ;
#1434 = ORIENTED_EDGE ( 'NONE', *, *, #1381, .F. ) ;
#1435 = ORIENTED_EDGE ( 'NONE', *, *, #1851, .F. ) ;
#1436 = ORIENTED_EDGE ( 'NONE', *, *, #1522, .T. ) ;
#1437 = DIRECTION ( 'NONE',  ( 0.000000000000000000, -1.000000000000000000, 0.000000000000000000 ) ) ;
#1438 = CARTESIAN_POINT ( 'NONE',  ( 4.643543905251676485, -33.00000000000000711, 3.000000000000001776 ) ) ;
#1439 = EDGE_CURVE ( 'NONE', #837, #1786, #1176, .T. ) ;
#1440 = AXIS2_PLACEMENT_3D ( 'NONE', #1270, #908, #920 ) ;
#1441 = ORIENTED_EDGE ( 'NONE', *, *, #1684, .T. ) ;
#1442 = DIRECTION ( 'NONE',  ( -1.000000000000000000, 0.000000000000000000, -2.797941090285174069E-16 ) ) ;
#1443 = AXIS2_PLACEMENT_3D ( 'NONE', #2190, #1399, #665 ) ;
#1444 = DIRECTION ( 'NONE',  ( -8.881784197001252323E-16, 0.000000000000000000, -1.000000000000000000 ) ) ;
#1445 = VERTEX_POINT ( 'NONE', #625 ) ;
#1446 = EDGE_LOOP ( 'NONE', ( #1589, #1095, #2119, #688, #146, #299, #830, #191, #1035, #812, #1834, #1839, #17, #1323 ) ) ;
#1447 = ADVANCED_BREP_SHAPE_REPRESENTATION ( '\X2\89e664787b148fde63a5\X0\', ( #1079, #394 ), #929 ) ;
#1448 = EDGE_LOOP ( 'NONE', ( #1726, #737, #1860, #1536 ) ) ;
#1449 = CARTESIAN_POINT ( 'NONE',  ( 5.916079783099615241, -8.734246067965404592, 0.9999999999999995559 ) ) ;
#1450 = PLANE ( 'NONE',  #2143 ) ;
#1451 = CIRCLE ( 'NONE', #1852, 4.750000000000000000 ) ;
#1452 = EDGE_CURVE ( 'NONE', #2219, #2015, #2121, .T. ) ;
#1453 = VERTEX_POINT ( 'NONE', #1165 ) ;
#1454 = FACE_OUTER_BOUND ( 'NONE', #2095, .T. ) ;
#1455 = AXIS2_PLACEMENT_3D ( 'NONE', #955, #621, #1349 ) ;
#1456 = CYLINDRICAL_SURFACE ( 'NONE', #1895, 3.000000000000000444 ) ;
#1457 = EDGE_CURVE ( 'NONE', #208, #1688, #2092, .T. ) ;
#1458 = EDGE_LOOP ( 'NONE', ( #143, #2116, #953, #755 ) ) ;
#1459 = AXIS2_PLACEMENT_3D ( 'NONE', #1635, #1792, #1784 ) ;
#1460 = LINE ( 'NONE', #1644, #58 ) ;
#1461 = CARTESIAN_POINT ( 'NONE',  ( 0.000000000000000000, 13.00000000000000000, 0.000000000000000000 ) ) ;
#1462 = ORIENTED_EDGE ( 'NONE', *, *, #360, .T. ) ;
#1463 = LINE ( 'NONE', #2416, #2217 ) ;
#1464 = CARTESIAN_POINT ( 'NONE',  ( 4.643543905251676485, -13.00000000000000178, 1.000000000000000000 ) ) ;
#1465 = CARTESIAN_POINT ( 'NONE',  ( 5.817072295949926440E-16, -4.999999999999997335, -4.750000000000000000 ) ) ;
#1466 = CIRCLE ( 'NONE', #750, 3.000000000000000444 ) ;
#1467 = VERTEX_POINT ( 'NONE', #972 ) ;
#1468 = DIRECTION ( 'NONE',  ( 0.000000000000000000, 0.000000000000000000, -1.000000000000000000 ) ) ;
#1469 = LINE ( 'NONE', #2421, #2304 ) ;
#1470 = ADVANCED_FACE ( 'NONE', ( #1558 ), #2314, .F. ) ;
#1471 = VERTEX_POINT ( 'NONE', #587 ) ;
#1472 = ADVANCED_FACE ( 'NONE', ( #1962 ), #638, .F. ) ;
#1473 = CARTESIAN_POINT ( 'NONE',  ( 10.64354390525167737, -13.00000000000000178, 0.9999999999999991118 ) ) ;
#1474 = DIRECTION ( 'NONE',  ( 0.000000000000000000, 0.000000000000000000, -1.000000000000000000 ) ) ;
#1475 = VERTEX_POINT ( 'NONE', #2148 ) ;
#1476 = DIRECTION ( 'NONE',  ( 0.000000000000000000, -1.000000000000000000, -0.000000000000000000 ) ) ;
#1477 = CYLINDRICAL_SURFACE ( 'NONE', #1510, 4.750000000000000000 ) ;
#1478 = CARTESIAN_POINT ( 'NONE',  ( 6.928203230275511437, -8.000000000000000000, 1.000000000000000000 ) ) ;
#1479 = ORIENTED_EDGE ( 'NONE', *, *, #1838, .F. ) ;
#1480 = LINE ( 'NONE', #2407, #1067 ) ;
#1481 = DIRECTION ( 'NONE',  ( 0.000000000000000000, -1.000000000000000000, 0.000000000000000000 ) ) ;
#1482 = AXIS2_PLACEMENT_3D ( 'NONE', #1714, #1153, #45 ) ;
#1483 = ORIENTED_EDGE ( 'NONE', *, *, #653, .T. ) ;
#1484 = DIRECTION ( 'NONE',  ( 0.000000000000000000, -1.000000000000000000, 0.000000000000000000 ) ) ;
#1485 = EDGE_CURVE ( 'NONE', #1979, #1010, #1154, .T. ) ;
#1486 = DIRECTION ( 'NONE',  ( -8.881784197001252323E-16, 0.000000000000000000, -1.000000000000000000 ) ) ;
#1487 = EDGE_LOOP ( 'NONE', ( #1506, #2374 ) ) ;
#1488 = DIRECTION ( 'NONE',  ( 1.000000000000000000, 0.000000000000000000, 2.797941090285174069E-16 ) ) ;
#1489 = PLANE ( 'NONE',  #1099 ) ;
#1490 = DIRECTION ( 'NONE',  ( 0.000000000000000000, 1.000000000000000000, 0.000000000000000000 ) ) ;
#1491 = EDGE_LOOP ( 'NONE', ( #500, #544 ) ) ;
#1492 = LINE ( 'NONE', #799, #463 ) ;
#1493 = CARTESIAN_POINT ( 'NONE',  ( -5.499999999999999112, -1.000000000000000444, 5.999999999999993783 ) ) ;
#1494 = LINE ( 'NONE', #1303, #1747 ) ;
#1495 = EDGE_LOOP ( 'NONE', ( #696, #896, #1042, #2394 ) ) ;
#1496 = CIRCLE ( 'NONE', #787, 5.750000000000000000 ) ;
#1497 = DIRECTION ( 'NONE',  ( -0.000000000000000000, -1.000000000000000000, -0.000000000000000000 ) ) ;
#1498 = DIRECTION ( 'NONE',  ( -1.000000000000000000, 0.000000000000000000, -2.312964634635742957E-16 ) ) ;
#1499 = EDGE_CURVE ( 'NONE', #721, #208, #1496, .T. ) ;
#1500 = VERTEX_POINT ( 'NONE', #2324 ) ;
#1501 = VECTOR ( 'NONE', #1772, 1000.000000000000000 ) ;
#1502 = LINE ( 'NONE', #1673, #1296 ) ;
#1503 = LINE ( 'NONE', #1687, #2296 ) ;
#1504 = ADVANCED_FACE ( 'NONE', ( #824 ), #263, .F. ) ;
#1505 = APPLICATION_CONTEXT ( 'automotive_design' ) ;
#1506 = ORIENTED_EDGE ( 'NONE', *, *, #1781, .F. ) ;
#1507 = LINE ( 'NONE', #217, #1751 ) ;
#1508 = CARTESIAN_POINT ( 'NONE',  ( 4.643543905251676485, -33.00000000000000711, -2.999999999999999112 ) ) ;
#1509 = ORIENTED_EDGE ( 'NONE', *, *, #1254, .F. ) ;
#1510 = AXIS2_PLACEMENT_3D ( 'NONE', #396, #1116, #913 ) ;
#1511 = CIRCLE ( 'NONE', #677, 1.550000000000000933 ) ;
#1512 = LINE ( 'NONE', #158, #651 ) ;
#1513 = CARTESIAN_POINT ( 'NONE',  ( 8.395570613868308385, -18.00000000000000355, -2.999999999999999112 ) ) ;
#1514 = CIRCLE ( 'NONE', #1948, 7.000000000000000888 ) ;
#1515 = ORIENTED_EDGE ( 'NONE', *, *, #241, .T. ) ;
#1516 = DIRECTION ( 'NONE',  ( -1.000000000000000000, -0.000000000000000000, -1.445602896647339163E-16 ) ) ;
#1517 = FACE_OUTER_BOUND ( 'NONE', #1713, .T. ) ;
#1518 = EDGE_LOOP ( 'NONE', ( #1811, #1731, #858, #1920 ) ) ;
#1519 = DIRECTION ( 'NONE',  ( -0.000000000000000000, 1.000000000000000000, -0.000000000000000000 ) ) ;
#1520 = LINE ( 'NONE', #1302, #2264 ) ;
#1521 = DIRECTION ( 'NONE',  ( -0.000000000000000000, -0.000000000000000000, 1.000000000000000000 ) ) ;
#1522 = EDGE_CURVE ( 'NONE', #1246, #868, #1815, .T. ) ;
#1523 = ORIENTED_EDGE ( 'NONE', *, *, #1984, .T. ) ;
#1524 = CARTESIAN_POINT ( 'NONE',  ( 5.196152422706632912, -53.00000000000000000, -3.000000000000000000 ) ) ;
#1525 = VECTOR ( 'NONE', #816, 1000.000000000000000 ) ;
#1526 = DIRECTION ( 'NONE',  ( 0.000000000000000000, 0.000000000000000000, 1.000000000000000000 ) ) ;
#1527 = AXIS2_PLACEMENT_3D ( 'NONE', #1658, #356, #909 ) ;
#1528 = EDGE_LOOP ( 'NONE', ( #2150, #1053, #1059, #1876 ) ) ;
#1529 = DIRECTION ( 'NONE',  ( -0.000000000000000000, 1.000000000000000000, -0.000000000000000000 ) ) ;
#1530 = DIRECTION ( 'NONE',  ( 1.000000000000000000, 0.000000000000000000, -1.224646799147353207E-16 ) ) ;
#1531 = ORIENTED_EDGE ( 'NONE', *, *, #759, .F. ) ;
#1532 = LINE ( 'NONE', #2313, #1081 ) ;
#1533 = DIRECTION ( 'NONE',  ( 1.000000000000000000, 0.000000000000000000, 0.000000000000000000 ) ) ;
#1534 = CARTESIAN_POINT ( 'NONE',  ( 4.643543905251676485, -33.00000000000000711, 3.000000000000001776 ) ) ;
#1535 = ADVANCED_FACE ( 'NONE', ( #951 ), #1715, .T. ) ;
#1536 = ORIENTED_EDGE ( 'NONE', *, *, #919, .T. ) ;
#1537 = FACE_BOUND ( 'NONE', #883, .T. ) ;
#1538 = ADVANCED_FACE ( 'NONE', ( #1404 ), #1247, .T. ) ;
#1539 = CARTESIAN_POINT ( 'NONE',  ( 4.643543905251676485, -52.00000000000000000, 0.9999999999999991118 ) ) ;
#1540 = CARTESIAN_POINT ( 'NONE',  ( 4.643543905251676485, -53.00000000000000000, 0.9999999999999991118 ) ) ;
#1541 = ORIENTED_EDGE ( 'NONE', *, *, #1796, .T. ) ;
#1542 = AXIS2_PLACEMENT_3D ( 'NONE', #1203, #1569, #433 ) ;
#1543 = CARTESIAN_POINT ( 'NONE',  ( 0.000000000000000000, -53.00000000000000000, 6.000000000000000888 ) ) ;
#1544 = AXIS2_PLACEMENT_3D ( 'NONE', #1840, #2257, #1287 ) ;
#1545 = EDGE_LOOP ( 'NONE', ( #1483, #69, #999, #997, #1268 ) ) ;
#1546 = CYLINDRICAL_SURFACE ( 'NONE', #317, 1.549999999999999378 ) ;
#1547 = FACE_OUTER_BOUND ( 'NONE', #1074, .T. ) ;
#1548 = EDGE_LOOP ( 'NONE', ( #341, #957, #760, #179 ) ) ;
#1549 = EDGE_CURVE ( 'NONE', #272, #768, #2348, .T. ) ;
#1550 = CIRCLE ( 'NONE', #173, 6.000000000000000888 ) ;
#1551 = CARTESIAN_POINT ( 'NONE',  ( 5.916079783099615241, -23.00000000000001066, -0.9999999999999995559 ) ) ;
#1552 = PLANE ( 'NONE',  #602 ) ;
#1553 = AXIS2_PLACEMENT_3D ( 'NONE', #416, #1945, #818 ) ;
#1554 = ADVANCED_FACE ( 'NONE', ( #2183 ), #649, .F. ) ;
#1555 = ORIENTED_EDGE ( 'NONE', *, *, #1198, .F. ) ;
#1556 = DIRECTION ( 'NONE',  ( 0.000000000000000000, 0.000000000000000000, -1.000000000000000000 ) ) ;
#1557 = ORIENTED_EDGE ( 'NONE', *, *, #1598, .T. ) ;
#1558 = FACE_OUTER_BOUND ( 'NONE', #2299, .T. ) ;
#1559 = CARTESIAN_POINT ( 'NONE',  ( -8.999999999999998224, 0.000000000000000000, 8.999999999999998224 ) ) ;
#1560 = ORIENTED_EDGE ( 'NONE', *, *, #859, .F. ) ;
#1561 = DIRECTION ( 'NONE',  ( 0.000000000000000000, -1.000000000000000000, 0.000000000000000000 ) ) ;
#1562 = ORIENTED_EDGE ( 'NONE', *, *, #1285, .T. ) ;
#1563 = DIRECTION ( 'NONE',  ( -1.000000000000000000, 0.000000000000000000, 0.000000000000000000 ) ) ;
#1564 = VECTOR ( 'NONE', #2097, 1000.000000000000000 ) ;
#1565 = EDGE_CURVE ( 'NONE', #1804, #2284, #1946, .T. ) ;
#1566 = EDGE_LOOP ( 'NONE', ( #618, #133, #265, #2108 ) ) ;
#1567 = EDGE_LOOP ( 'NONE', ( #1290, #1736, #470, #249 ) ) ;
#1568 = CARTESIAN_POINT ( 'NONE',  ( 10.64354390525167737, -13.00000000000000178, 0.9999999999999991118 ) ) ;
#1569 = DIRECTION ( 'NONE',  ( 0.000000000000000000, -1.000000000000000000, 0.000000000000000000 ) ) ;
#1570 = CARTESIAN_POINT ( 'NONE',  ( 12.00000000000000178, 13.00000000000000000, -1.549999999999958522 ) ) ;
#1571 = ORIENTED_EDGE ( 'NONE', *, *, #1351, .T. ) ;
#1572 = DIRECTION ( 'NONE',  ( -0.000000000000000000, -0.000000000000000000, 1.000000000000000000 ) ) ;
#1573 = CARTESIAN_POINT ( 'NONE',  ( 0.000000000000000000, -9.000000000000001776, 6.000000000000000888 ) ) ;
#1574 = DIRECTION ( 'NONE',  ( 0.000000000000000000, 0.000000000000000000, -1.000000000000000000 ) ) ;
#1575 = VERTEX_POINT ( 'NONE', #1605 ) ;
#1576 = CARTESIAN_POINT ( 'NONE',  ( -8.379555213223521315E-14, 6.000000000000000000, 12.00000000000000178 ) ) ;
#1577 = ADVANCED_FACE ( 'NONE', ( #140 ), #472, .T. ) ;
#1578 = VECTOR ( 'NONE', #596, 1000.000000000000000 ) ;
#1579 = VECTOR ( 'NONE', #273, 1000.000000000000000 ) ;
#1580 = ORIENTED_EDGE ( 'NONE', *, *, #135, .F. ) ;
#1581 = LINE ( 'NONE', #1568, #99 ) ;
#1582 = DIRECTION ( 'NONE',  ( 0.000000000000000000, 0.000000000000000000, -1.000000000000000000 ) ) ;
#1583 = DIRECTION ( 'NONE',  ( 0.000000000000000000, 1.000000000000000000, 0.000000000000000000 ) ) ;
#1584 = EDGE_CURVE ( 'NONE', #1471, #771, #9, .T. ) ;
#1585 = ORIENTED_EDGE ( 'NONE', *, *, #2241, .T. ) ;
#1586 = VECTOR ( 'NONE', #448, 1000.000000000000000 ) ;
#1587 = LINE ( 'NONE', #65, #2203 ) ;
#1588 = VECTOR ( 'NONE', #2272, 1000.000000000000000 ) ;
#1589 = ORIENTED_EDGE ( 'NONE', *, *, #435, .F. ) ;
#1590 = CARTESIAN_POINT ( 'NONE',  ( 5.916079783099615241, -43.00000000000000711, -0.9999999999999995559 ) ) ;
#1591 = UNCERTAINTY_MEASURE_WITH_UNIT (LENGTH_MEASURE( 1.000000000000000082E-05 ), #1298, 'distance_accuracy_value', 'NONE');
#1592 = AXIS2_PLACEMENT_3D ( 'NONE', #308, #707, #483 ) ;
#1593 = VERTEX_POINT ( 'NONE', #1613 ) ;
#1594 = LINE ( 'NONE', #2323, #1264 ) ;
#1595 = CARTESIAN_POINT ( 'NONE',  ( 6.795370049489167563, -8.000000000000001776, 1.000000000000000222 ) ) ;
#1596 = DIRECTION ( 'NONE',  ( 0.000000000000000000, -0.000000000000000000, 1.000000000000000000 ) ) ;
#1597 = EDGE_CURVE ( 'NONE', #431, #1795, #491, .T. ) ;
#1598 = EDGE_CURVE ( 'NONE', #2201, #1607, #659, .T. ) ;
#1599 = ORIENTED_EDGE ( 'NONE', *, *, #2292, .F. ) ;
#1600 = DIRECTION ( 'NONE',  ( 0.000000000000000000, 1.000000000000000000, 0.000000000000000000 ) ) ;
#1601 = LINE ( 'NONE', #1422, #2392 ) ;
#1602 = CIRCLE ( 'NONE', #75, 1.549999999999999378 ) ;
#1603 = ORIENTED_EDGE ( 'NONE', *, *, #948, .F. ) ;
#1604 = CYLINDRICAL_SURFACE ( 'NONE', #1062, 1.550000000000000933 ) ;
#1605 = CARTESIAN_POINT ( 'NONE',  ( 9.943543905251679860, -38.00000000000000711, -2.999999999999999112 ) ) ;
#1606 = CARTESIAN_POINT ( 'NONE',  ( -5.499999999999999112, -5.000000000000000000, 5.999999999999992895 ) ) ;
#1607 = VERTEX_POINT ( 'NONE', #320 ) ;
#1608 = EDGE_CURVE ( 'NONE', #2386, #1949, #511, .T. ) ;
#1609 = LINE ( 'NONE', #867, #1720 ) ;
#1610 = EDGE_CURVE ( 'NONE', #397, #2388, #1019, .T. ) ;
#1611 = LINE ( 'NONE', #1621, #1641 ) ;
#1612 = ORIENTED_EDGE ( 'NONE', *, *, #1195, .T. ) ;
#1613 = CARTESIAN_POINT ( 'NONE',  ( 9.943543905251679860, -38.00000000000000711, -1.000000000000000444 ) ) ;
#1614 = CARTESIAN_POINT ( 'NONE',  ( 7.500000000000002665, 0.000000000000000000, 8.999999999999998224 ) ) ;
#1615 = ORIENTED_EDGE ( 'NONE', *, *, #1134, .T. ) ;
#1616 = CARTESIAN_POINT ( 'NONE',  ( 9.945570613868307319, -18.00000000000000355, -1.000000000000000444 ) ) ;
#1617 = CARTESIAN_POINT ( 'NONE',  ( -12.00000000000000000, 6.000000000000000000, -2.999999999999958256 ) ) ;
#1618 = CIRCLE ( 'NONE', #895, 1.549999999999999378 ) ;
#1619 = VERTEX_POINT ( 'NONE', #1826 ) ;
#1620 = EDGE_CURVE ( 'NONE', #2222, #708, #828, .T. ) ;
#1621 = CARTESIAN_POINT ( 'NONE',  ( 8.484105252154705568, -8.000000000000000000, -0.9999999999999995559 ) ) ;
#1622 = VERTEX_POINT ( 'NONE', #2359 ) ;
#1623 = DIRECTION ( 'NONE',  ( 0.000000000000000000, 0.000000000000000000, -1.000000000000000000 ) ) ;
#1624 = DIRECTION ( 'NONE',  ( 0.000000000000000000, 0.000000000000000000, -1.000000000000000000 ) ) ;
#1625 = CIRCLE ( 'NONE', #1857, 1.549999999999999378 ) ;
#1626 = EDGE_LOOP ( 'NONE', ( #1354, #365, #1297, #1752 ) ) ;
#1627 = CARTESIAN_POINT ( 'NONE',  ( 0.000000000000000000, -53.00000000000000000, 0.000000000000000000 ) ) ;
#1628 = DIRECTION ( 'NONE',  ( -0.000000000000000000, -1.000000000000000000, -0.000000000000000000 ) ) ;
#1629 =( GEOMETRIC_REPRESENTATION_CONTEXT ( 3 ) GLOBAL_UNCERTAINTY_ASSIGNED_CONTEXT ( ( #1591 ) ) GLOBAL_UNIT_ASSIGNED_CONTEXT ( ( #1298, #1877, #200 ) ) REPRESENTATION_CONTEXT ( 'NONE', 'WORKASPACE' ) );
#1630 = ORIENTED_EDGE ( 'NONE', *, *, #872, .T. ) ;
#1631 = ORIENTED_EDGE ( 'NONE', *, *, #2393, .F. ) ;
#1632 = EDGE_CURVE ( 'NONE', #431, #873, #1702, .T. ) ;
#1633 = EDGE_LOOP ( 'NONE', ( #1261, #968, #788, #2077 ) ) ;
#1634 = DIRECTION ( 'NONE',  ( 0.000000000000000000, 0.000000000000000000, -1.000000000000000000 ) ) ;
#1635 = CARTESIAN_POINT ( 'NONE',  ( 12.00000000000000178, 13.00000000000000000, 4.189777606611760657E-14 ) ) ;
#1636 = CARTESIAN_POINT ( 'NONE',  ( -8.999999999999996447, 0.000000000000000000, -9.000000000000001776 ) ) ;
#1637 = ADVANCED_FACE ( 'NONE', ( #1428, #2170 ), #482, .T. ) ;
#1638 = ORIENTED_EDGE ( 'NONE', *, *, #1806, .T. ) ;
#1639 = DIRECTION ( 'NONE',  ( 9.637352644315595243E-17, 0.000000000000000000, -1.000000000000000000 ) ) ;
#1640 = DIRECTION ( 'NONE',  ( 0.000000000000000000, 0.000000000000000000, 1.000000000000000000 ) ) ;
#1641 = VECTOR ( 'NONE', #1968, 1000.000000000000000 ) ;
#1642 = DIRECTION ( 'NONE',  ( 0.000000000000000000, 0.000000000000000000, -1.000000000000000000 ) ) ;
#1643 = ORIENTED_EDGE ( 'NONE', *, *, #1712, .F. ) ;
#1644 = CARTESIAN_POINT ( 'NONE',  ( 0.000000000000000000, 13.00000000000000000, -16.50000000000000000 ) ) ;
#1645 = DIRECTION ( 'NONE',  ( 1.000000000000000000, 0.000000000000000000, 0.000000000000000000 ) ) ;
#1646 = VERTEX_POINT ( 'NONE', #1226 ) ;
#1647 = FACE_OUTER_BOUND ( 'NONE', #1250, .T. ) ;
#1648 = CARTESIAN_POINT ( 'NONE',  ( -8.379555213223521315E-14, 0.000000000000000000, 8.999999999999998224 ) ) ;
#1649 = EDGE_CURVE ( 'NONE', #1467, #2256, #1581, .T. ) ;
#1650 = VERTEX_POINT ( 'NONE', #1202 ) ;
#1651 = CARTESIAN_POINT ( 'NONE',  ( -12.00000000000000000, 13.00000000000000000, -1.550000000000126166 ) ) ;
#1652 = CARTESIAN_POINT ( 'NONE',  ( -8.999999999999996447, 0.000000000000000000, -9.000000000000001776 ) ) ;
#1653 = ADVANCED_FACE ( 'NONE', ( #295 ), #1906, .T. ) ;
#1654 = TOROIDAL_SURFACE ( 'NONE', #2091, 7.000000000000000888, 1.000000000000000000 ) ;
#1655 = ORIENTED_EDGE ( 'NONE', *, *, #1499, .T. ) ;
#1656 = CIRCLE ( 'NONE', #1782, 1.550000000000000933 ) ;
#1657 = DIRECTION ( 'NONE',  ( 0.000000000000000000, -1.000000000000000000, -2.891205793294678819E-16 ) ) ;
#1658 = CARTESIAN_POINT ( 'NONE',  ( -12.00000000000000000, 6.000000000000000000, -1.256933281983528260E-13 ) ) ;
#1659 = ORIENTED_EDGE ( 'NONE', *, *, #477, .T. ) ;
#1660 = DIRECTION ( 'NONE',  ( -2.418923110329417172E-16, 0.000000000000000000, 1.000000000000000000 ) ) ;
#1661 = DIRECTION ( 'NONE',  ( 0.000000000000000000, -1.000000000000000000, 0.000000000000000000 ) ) ;
#1662 = CIRCLE ( 'NONE', #1388, 6.000000000000000888 ) ;
#1663 = VECTOR ( 'NONE', #2434, 1000.000000000000000 ) ;
#1664 = AXIS2_PLACEMENT_3D ( 'NONE', #2093, #780, #67 ) ;
#1665 = ORIENTED_EDGE ( 'NONE', *, *, #1208, .F. ) ;
#1666 = CARTESIAN_POINT ( 'NONE',  ( -12.00000000000000000, 0.000000000000000000, 3.000000000000042633 ) ) ;
#1667 = DIRECTION ( 'NONE',  ( 2.891205793294678326E-16, 0.000000000000000000, -1.000000000000000000 ) ) ;
#1668 = EDGE_CURVE ( 'NONE', #1426, #1650, #1423, .T. ) ;
#1669 = VERTEX_POINT ( 'NONE', #2347 ) ;
#1670 = DIRECTION ( 'NONE',  ( 1.445602896647339163E-16, 0.000000000000000000, -1.000000000000000000 ) ) ;
#1671 = DIRECTION ( 'NONE',  ( 0.000000000000000000, -1.000000000000000000, 0.000000000000000000 ) ) ;
#1672 = EDGE_LOOP ( 'NONE', ( #370, #2082, #50, #591, #1816, #1068, #2265, #136, #562, #1917, #324, #316 ) ) ;
#1673 = CARTESIAN_POINT ( 'NONE',  ( 5.916079783099615241, -53.00000000000000000, -0.9999999999999995559 ) ) ;
#1674 = DIRECTION ( 'NONE',  ( -0.000000000000000000, -0.000000000000000000, 1.000000000000000000 ) ) ;
#1675 = EDGE_LOOP ( 'NONE', ( #1206, #2041 ) ) ;
#1676 = DIRECTION ( 'NONE',  ( 0.000000000000000000, 0.000000000000000000, -1.000000000000000000 ) ) ;
#1677 = DIRECTION ( 'NONE',  ( 1.000000000000000000, 0.000000000000000000, 0.000000000000000000 ) ) ;
#1678 = DIRECTION ( 'NONE',  ( -0.000000000000000000, -0.000000000000000000, 1.000000000000000000 ) ) ;
#1679 = AXIS2_PLACEMENT_3D ( 'NONE', #1732, #51, #765 ) ;
#1680 = ORIENTED_EDGE ( 'NONE', *, *, #1381, .T. ) ;
#1681 = EDGE_CURVE ( 'NONE', #1032, #614, #1378, .T. ) ;
#1682 = DIRECTION ( 'NONE',  ( 0.000000000000000000, 0.000000000000000000, -1.000000000000000000 ) ) ;
#1683 = CARTESIAN_POINT ( 'NONE',  ( 8.395570613868308385, -18.00000000000000355, -17.00000000000000000 ) ) ;
#1684 = EDGE_CURVE ( 'NONE', #1646, #1884, #16, .T. ) ;
#1685 = ORIENTED_EDGE ( 'NONE', *, *, #109, .T. ) ;
#1686 = CARTESIAN_POINT ( 'NONE',  ( 5.196152422706632912, -23.00000000000000355, -2.999999999999999112 ) ) ;
#1687 = CARTESIAN_POINT ( 'NONE',  ( 7.347880794884119736E-16, -53.00000000000000000, -6.000000000000000888 ) ) ;
#1688 = VERTEX_POINT ( 'NONE', #1961 ) ;
#1689 = LINE ( 'NONE', #389, #1189 ) ;
#1690 = CARTESIAN_POINT ( 'NONE',  ( 0.000000000000000000, -33.00000000000000711, 0.000000000000000000 ) ) ;
#1691 = AXIS2_PLACEMENT_3D ( 'NONE', #1774, #1196, #427 ) ;
#1692 = ORIENTED_EDGE ( 'NONE', *, *, #163, .T. ) ;
#1693 = AXIS2_PLACEMENT_3D ( 'NONE', #2249, #722, #2236 ) ;
#1694 = DIRECTION ( 'NONE',  ( 0.000000000000000000, 0.000000000000000000, 1.000000000000000000 ) ) ;
#1695 = CYLINDRICAL_SURFACE ( 'NONE', #1014, 1.549999999999999378 ) ;
#1696 = EDGE_CURVE ( 'NONE', #350, #203, #1108, .T. ) ;
#1697 = ORIENTED_EDGE ( 'NONE', *, *, #346, .T. ) ;
#1698 = CIRCLE ( 'NONE', #2132, 6.000000000000000888 ) ;
#1699 = LINE ( 'NONE', #756, #554 ) ;
#1700 = CARTESIAN_POINT ( 'NONE',  ( 0.000000000000000000, -53.00000000000000000, 0.000000000000000000 ) ) ;
#1701 = ORIENTED_EDGE ( 'NONE', *, *, #1162, .T. ) ;
#1702 = CIRCLE ( 'NONE', #1146, 6.000000000000000888 ) ;
#1703 = DIRECTION ( 'NONE',  ( -0.000000000000000000, 1.000000000000000000, 2.891205793294678819E-16 ) ) ;
#1704 = FACE_OUTER_BOUND ( 'NONE', #585, .T. ) ;
#1705 = ORIENTED_EDGE ( 'NONE', *, *, #52, .T. ) ;
#1706 = FACE_OUTER_BOUND ( 'NONE', #2189, .T. ) ;
#1707 = AXIS2_PLACEMENT_3D ( 'NONE', #141, #1090, #875 ) ;
#1708 = CIRCLE ( 'NONE', #1829, 1.000000000000000000 ) ;
#1709 = CARTESIAN_POINT ( 'NONE',  ( -8.999999999999998224, -8.000000000000000000, 8.999999999999998224 ) ) ;
#1710 = AXIS2_PLACEMENT_3D ( 'NONE', #958, #2107, #236 ) ;
#1711 = ORIENTED_EDGE ( 'NONE', *, *, #808, .T. ) ;
#1712 = EDGE_CURVE ( 'NONE', #567, #922, #1864, .T. ) ;
#1713 = EDGE_LOOP ( 'NONE', ( #1412, #1133, #678, #1966 ) ) ;
#1714 = CARTESIAN_POINT ( 'NONE',  ( 0.000000000000000000, -43.00000000000000000, 0.000000000000000000 ) ) ;
#1715 = PLANE ( 'NONE',  #2167 ) ;
#1716 = DIRECTION ( 'NONE',  ( -0.000000000000000000, -1.000000000000000000, -0.000000000000000000 ) ) ;
#1717 = EDGE_CURVE ( 'NONE', #798, #1232, #1594, .T. ) ;
#1718 = ORIENTED_EDGE ( 'NONE', *, *, #2321, .T. ) ;
#1719 = CARTESIAN_POINT ( 'NONE',  ( 6.928203230275510549, -8.000000000000000000, -0.9999999999999995559 ) ) ;
#1720 = VECTOR ( 'NONE', #2162, 1000.000000000000000 ) ;
#1721 = CARTESIAN_POINT ( 'NONE',  ( 5.662375826453063254, -53.00000000000000000, -1.000000000000000222 ) ) ;
#1722 = CARTESIAN_POINT ( 'NONE',  ( 5.662375826453063254, -53.00000000000000000, 0.9999999999999997780 ) ) ;
#1723 = ORIENTED_EDGE ( 'NONE', *, *, #1148, .T. ) ;
#1724 = DIRECTION ( 'NONE',  ( -0.000000000000000000, -1.000000000000000000, -0.000000000000000000 ) ) ;
#1725 = ADVANCED_FACE ( 'NONE', ( #1403 ), #1604, .F. ) ;
#1726 = ORIENTED_EDGE ( 'NONE', *, *, #15, .T. ) ;
#1727 = DIRECTION ( 'NONE',  ( 0.000000000000000000, 0.000000000000000000, 1.000000000000000000 ) ) ;
#1728 = DIRECTION ( 'NONE',  ( 0.000000000000000000, -1.000000000000000000, 0.000000000000000000 ) ) ;
#1729 = CARTESIAN_POINT ( 'NONE',  ( -5.499999999999999112, -1.000000000000000444, 5.999999999999993783 ) ) ;
#1730 = ADVANCED_FACE ( 'NONE', ( #262 ), #1973, .F. ) ;
#1731 = ORIENTED_EDGE ( 'NONE', *, *, #2045, .F. ) ;
#1732 = CARTESIAN_POINT ( 'NONE',  ( 0.000000000000000000, -8.000000000000000000, 0.000000000000000000 ) ) ;
#1733 = DIRECTION ( 'NONE',  ( 0.000000000000000000, 0.000000000000000000, -1.000000000000000000 ) ) ;
#1734 = FACE_OUTER_BOUND ( 'NONE', #357, .T. ) ;
#1735 = DIRECTION ( 'NONE',  ( 0.000000000000000000, -1.000000000000000000, 0.000000000000000000 ) ) ;
#1736 = ORIENTED_EDGE ( 'NONE', *, *, #597, .T. ) ;
#1737 = FACE_OUTER_BOUND ( 'NONE', #73, .T. ) ;
#1738 = CIRCLE ( 'NONE', #666, 1.550000000000000933 ) ;
#1739 = ORIENTED_EDGE ( 'NONE', *, *, #1803, .F. ) ;
#1740 = CARTESIAN_POINT ( 'NONE',  ( 0.000000000000000000, -53.00000000000000000, 0.000000000000000000 ) ) ;
#1741 = FACE_OUTER_BOUND ( 'NONE', #66, .T. ) ;
#1742 = LINE ( 'NONE', #2315, #1819 ) ;
#1743 = ORIENTED_EDGE ( 'NONE', *, *, #1781, .T. ) ;
#1744 = CARTESIAN_POINT ( 'NONE',  ( -8.379555213223521315E-14, 6.000000000000000000, 9.000000000000001776 ) ) ;
#1745 = AXIS2_PLACEMENT_3D ( 'NONE', #534, #1122, #1694 ) ;
#1746 = EDGE_CURVE ( 'NONE', #1187, #442, #484, .T. ) ;
#1747 = VECTOR ( 'NONE', #747, 1000.000000000000000 ) ;
#1748 = DIRECTION ( 'NONE',  ( 0.000000000000000000, 0.000000000000000000, 1.000000000000000000 ) ) ;
#1749 = DIRECTION ( 'NONE',  ( 0.000000000000000000, 0.000000000000000000, -1.000000000000000000 ) ) ;
#1750 = AXIS2_PLACEMENT_3D ( 'NONE', #686, #144, #2372 ) ;
#1751 = VECTOR ( 'NONE', #351, 1000.000000000000000 ) ;
#1752 = ORIENTED_EDGE ( 'NONE', *, *, #1006, .T. ) ;
#1753 = CARTESIAN_POINT ( 'NONE',  ( -8.379555213223521315E-14, 6.000000000000000000, 12.00000000000000178 ) ) ;
#1754 = MECHANICAL_DESIGN_GEOMETRIC_PRESENTATION_REPRESENTATION (  '', ( #680 ), #1629 ) ;
#1755 = EDGE_LOOP ( 'NONE', ( #83, #1557, #1049, #1562 ) ) ;
#1756 = DIRECTION ( 'NONE',  ( -0.000000000000000000, 1.000000000000000000, -0.000000000000000000 ) ) ;
#1757 = PLANE ( 'NONE',  #632 ) ;
#1758 = VERTEX_POINT ( 'NONE', #843 ) ;
#1759 = CARTESIAN_POINT ( 'NONE',  ( 5.916079783099616130, -13.00000000000000178, -0.9999999999999997780 ) ) ;
#1760 = DIRECTION ( 'NONE',  ( -2.312964634635743450E-16, -2.891205793294679312E-16, 1.000000000000000000 ) ) ;
#1761 = EDGE_CURVE ( 'NONE', #2401, #1358, #1662, .T. ) ;
#1762 = CARTESIAN_POINT ( 'NONE',  ( -12.00000000000000000, 6.000000000000000000, -1.550000000000126166 ) ) ;
#1763 = AXIS2_PLACEMENT_3D ( 'NONE', #556, #1846, #1306 ) ;
#1764 = EDGE_CURVE ( 'NONE', #1160, #733, #1463, .T. ) ;
#1765 = VERTEX_POINT ( 'NONE', #319 ) ;
#1766 = CARTESIAN_POINT ( 'NONE',  ( 6.845570613868309451, -18.00000000000000355, -1.000000000000001332 ) ) ;
#1767 = CIRCLE ( 'NONE', #2078, 7.000000000000000888 ) ;
#1768 = PRODUCT_DEFINITION_CONTEXT ( 'detailed design', #1505, 'design' ) ;
#1769 = CARTESIAN_POINT ( 'NONE',  ( 5.942814265514258842, -8.736757216936616999, -1.000000000000000444 ) ) ;
#1770 = ORIENTED_EDGE ( 'NONE', *, *, #269, .F. ) ;
#1771 = DIRECTION ( 'NONE',  ( 0.000000000000000000, 0.000000000000000000, 1.000000000000000000 ) ) ;
#1772 = DIRECTION ( 'NONE',  ( 0.000000000000000000, -1.000000000000000000, 0.000000000000000000 ) ) ;
#1773 = EDGE_LOOP ( 'NONE', ( #606, #1560, #1972, #1230 ) ) ;
#1774 = CARTESIAN_POINT ( 'NONE',  ( 0.000000000000000000, 6.000000000000000000, -12.00000000000000178 ) ) ;
#1775 = CARTESIAN_POINT ( 'NONE',  ( 5.196152422706633800, -33.00000000000000711, -2.999999999999998224 ) ) ;
#1776 = AXIS2_PLACEMENT_3D ( 'NONE', #1041, #2213, #1965 ) ;
#1777 = ORIENTED_EDGE ( 'NONE', *, *, #1181, .F. ) ;
#1778 = DIRECTION ( 'NONE',  ( 0.000000000000000000, 0.000000000000000000, -1.000000000000000000 ) ) ;
#1779 = EDGE_CURVE ( 'NONE', #1374, #70, #1466, .T. ) ;
#1780 = AXIS2_PLACEMENT_3D ( 'NONE', #581, #945, #1147 ) ;
#1781 = EDGE_CURVE ( 'NONE', #1500, #468, #903, .T. ) ;
#1782 = AXIS2_PLACEMENT_3D ( 'NONE', #422, #800, #604 ) ;
#1783 = ORIENTED_EDGE ( 'NONE', *, *, #1107, .F. ) ;
#1784 = DIRECTION ( 'NONE',  ( 0.000000000000000000, 0.000000000000000000, 1.000000000000000000 ) ) ;
#1785 = FACE_BOUND ( 'NONE', #1173, .T. ) ;
#1786 = VERTEX_POINT ( 'NONE', #1075 ) ;
#1787 = CARTESIAN_POINT ( 'NONE',  ( 12.00000000000000178, 13.00000000000000000, 1.550000000000042233 ) ) ;
#1788 = AXIS2_PLACEMENT_3D ( 'NONE', #2267, #2038, #147 ) ;
#1789 = VERTEX_POINT ( 'NONE', #1861 ) ;
#1790 = EDGE_LOOP ( 'NONE', ( #900, #245, #215, #1018 ) ) ;
#1791 = DIRECTION ( 'NONE',  ( 0.000000000000000000, -1.000000000000000000, 0.000000000000000000 ) ) ;
#1792 = DIRECTION ( 'NONE',  ( 0.000000000000000000, 1.000000000000000000, 0.000000000000000000 ) ) ;
#1793 = CARTESIAN_POINT ( 'NONE',  ( -8.379555213223521315E-14, 13.00000000000000000, 12.00000000000000178 ) ) ;
#1794 = EDGE_CURVE ( 'NONE', #1104, #2332, #2301, .T. ) ;
#1795 = VERTEX_POINT ( 'NONE', #583 ) ;
#1796 = EDGE_CURVE ( 'NONE', #1265, #1646, #2361, .T. ) ;
#1797 = CYLINDRICAL_SURFACE ( 'NONE', #738, 4.750000000000000000 ) ;
#1798 = DIRECTION ( 'NONE',  ( 1.000000000000000000, 0.000000000000000000, 0.000000000000000000 ) ) ;
#1799 = ORIENTED_EDGE ( 'NONE', *, *, #2040, .T. ) ;
#1800 = CARTESIAN_POINT ( 'NONE',  ( -12.00000000000000000, 6.000000000000000000, -1.256933281983528260E-13 ) ) ;
#1801 = DIRECTION ( 'NONE',  ( -0.000000000000000000, -1.000000000000000000, -0.000000000000000000 ) ) ;
#1802 = CARTESIAN_POINT ( 'NONE',  ( 0.000000000000000000, -13.00000000000000533, 0.000000000000000000 ) ) ;
#1803 = EDGE_CURVE ( 'NONE', #1619, #1273, #2207, .T. ) ;
#1804 = VERTEX_POINT ( 'NONE', #1478 ) ;
#1805 = APPLICATION_CONTEXT ( 'automotive_design' ) ;
#1806 = EDGE_CURVE ( 'NONE', #91, #1246, #153, .T. ) ;
#1807 = DIRECTION ( 'NONE',  ( 0.000000000000000000, -1.000000000000000000, 0.000000000000000000 ) ) ;
#1808 = ORIENTED_EDGE ( 'NONE', *, *, #237, .F. ) ;
#1809 = FACE_OUTER_BOUND ( 'NONE', #611, .T. ) ;
#1810 = VECTOR ( 'NONE', #276, 1000.000000000000000 ) ;
#1811 = ORIENTED_EDGE ( 'NONE', *, *, #1181, .T. ) ;
#1812 = DIRECTION ( 'NONE',  ( 0.000000000000000000, 0.000000000000000000, 1.000000000000000000 ) ) ;
#1813 = CARTESIAN_POINT ( 'NONE',  ( 4.643543905251678261, -52.13328257319066950, -1.000000000000000000 ) ) ;
#1814 = FACE_OUTER_BOUND ( 'NONE', #1672, .T. ) ;
#1815 = CIRCLE ( 'NONE', #704, 3.000000000000000888 ) ;
#1816 = ORIENTED_EDGE ( 'NONE', *, *, #2118, .T. ) ;
#1817 = CARTESIAN_POINT ( 'NONE',  ( 0.000000000000000000, -23.00000000000000355, 0.000000000000000000 ) ) ;
#1818 = CARTESIAN_POINT ( 'NONE',  ( 10.64354390525167737, -13.00000000000000178, -0.9999999999999991118 ) ) ;
#1819 = VECTOR ( 'NONE', #1001, 1000.000000000000000 ) ;
#1820 = VERTEX_POINT ( 'NONE', #1275 ) ;
#1821 = ADVANCED_FACE ( 'NONE', ( #2044 ), #5, .T. ) ;
#1822 = AXIS2_PLACEMENT_3D ( 'NONE', #176, #2428, #1488 ) ;
#1823 = CARTESIAN_POINT ( 'NONE',  ( 0.000000000000000000, 6.000000000000000000, -15.00000000000000355 ) ) ;
#1824 = EDGE_CURVE ( 'NONE', #1765, #1804, #2340, .T. ) ;
#1825 = EDGE_LOOP ( 'NONE', ( #959, #2111 ) ) ;
#1826 = CARTESIAN_POINT ( 'NONE',  ( -8.360573187836737493E-14, 13.00000000000000000, 13.55000000000000249 ) ) ;
#1827 = DIRECTION ( 'NONE',  ( -2.418923110329417172E-16, 0.000000000000000000, 1.000000000000000000 ) ) ;
#1828 = VECTOR ( 'NONE', #1889, 1000.000000000000000 ) ;
#1829 = AXIS2_PLACEMENT_3D ( 'NONE', #271, #1530, #2283 ) ;
#1830 = ORIENTED_EDGE ( 'NONE', *, *, #740, .F. ) ;
#1831 = DIRECTION ( 'NONE',  ( 0.000000000000000000, 0.000000000000000000, -1.000000000000000000 ) ) ;
#1832 = CARTESIAN_POINT ( 'NONE',  ( 5.916079783099616130, -23.00000000000000355, 0.9999999999999997780 ) ) ;
#1833 = VECTOR ( 'NONE', #810, 1000.000000000000000 ) ;
#1834 = ORIENTED_EDGE ( 'NONE', *, *, #373, .F. ) ;
#1835 = LINE ( 'NONE', #2027, #535 ) ;
#1836 = EDGE_CURVE ( 'NONE', #1650, #1374, #408, .T. ) ;
#1837 = EDGE_LOOP ( 'NONE', ( #628, #1947 ) ) ;
#1838 = EDGE_CURVE ( 'NONE', #1593, #44, #520, .T. ) ;
#1839 = ORIENTED_EDGE ( 'NONE', *, *, #1069, .T. ) ;
#1840 = CARTESIAN_POINT ( 'NONE',  ( -8.379555213223521315E-14, 13.00000000000000000, 12.00000000000000178 ) ) ;
#1841 = CARTESIAN_POINT ( 'NONE',  ( 5.817072295949926440E-16, 13.00000000000000000, 4.750000000000000000 ) ) ;
#1842 = VECTOR ( 'NONE', #1497, 1000.000000000000000 ) ;
#1843 = ORIENTED_EDGE ( 'NONE', *, *, #550, .T. ) ;
#1844 = CARTESIAN_POINT ( 'NONE',  ( 7.347880794884119736E-16, -53.00000000000000000, -6.000000000000000888 ) ) ;
#1845 = ORIENTED_EDGE ( 'NONE', *, *, #1610, .F. ) ;
#1846 = DIRECTION ( 'NONE',  ( 0.000000000000000000, 1.000000000000000000, 0.000000000000000000 ) ) ;
#1847 = DIRECTION ( 'NONE',  ( -1.000000000000000000, 0.000000000000000000, -2.418923110329417172E-16 ) ) ;
#1848 = VERTEX_POINT ( 'NONE', #930 ) ;
#1849 = CYLINDRICAL_SURFACE ( 'NONE', #1544, 1.550000000000000933 ) ;
#1850 = DIRECTION ( 'NONE',  ( 0.000000000000000000, 1.000000000000000000, 0.000000000000000000 ) ) ;
#1851 = EDGE_CURVE ( 'NONE', #44, #1593, #1022, .T. ) ;
#1852 = AXIS2_PLACEMENT_3D ( 'NONE', #2363, #857, #301 ) ;
#1853 = ORIENTED_EDGE ( 'NONE', *, *, #523, .F. ) ;
#1854 = CARTESIAN_POINT ( 'NONE',  ( 10.64354390525167737, -33.00000000000000711, -1.000000000000000000 ) ) ;
#1855 = DIRECTION ( 'NONE',  ( 2.418923110329417172E-16, 0.000000000000000000, -1.000000000000000000 ) ) ;
#1856 = EDGE_LOOP ( 'NONE', ( #489, #2026, #713, #1853 ) ) ;
#1857 = AXIS2_PLACEMENT_3D ( 'NONE', #21, #2035, #1677 ) ;
#1858 = AXIS2_PLACEMENT_3D ( 'NONE', #884, #161, #1089 ) ;
#1859 = DIRECTION ( 'NONE',  ( 0.000000000000000000, -1.000000000000000000, 0.000000000000000000 ) ) ;
#1860 = ORIENTED_EDGE ( 'NONE', *, *, #663, .F. ) ;
#1861 = CARTESIAN_POINT ( 'NONE',  ( 5.916079783099617018, -53.00000000000000000, 0.9999999999999995559 ) ) ;
#1862 = DIRECTION ( 'NONE',  ( 1.000000000000000000, -0.000000000000000000, 2.418923110329416679E-16 ) ) ;
#1863 = CARTESIAN_POINT ( 'NONE',  ( 7.500000000000004441, -8.000000000000000000, 8.999999999999998224 ) ) ;
#1864 = CIRCLE ( 'NONE', #2017, 16.50000000000000000 ) ;
#1865 = TOROIDAL_SURFACE ( 'NONE', #794, 5.750000000000000000, 1.000000000000000000 ) ;
#1866 = EDGE_CURVE ( 'NONE', #458, #567, #1460, .T. ) ;
#1867 = VECTOR ( 'NONE', #543, 1000.000000000000000 ) ;
#1868 = ORIENTED_EDGE ( 'NONE', *, *, #1883, .F. ) ;
#1869 = DIRECTION ( 'NONE',  ( -0.000000000000000000, 1.000000000000000000, -0.000000000000000000 ) ) ;
#1870 = FACE_OUTER_BOUND ( 'NONE', #497, .T. ) ;
#1871 = LINE ( 'NONE', #553, #369 ) ;
#1872 = EDGE_CURVE ( 'NONE', #742, #798, #2051, .T. ) ;
#1873 = EDGE_LOOP ( 'NONE', ( #2362, #1377 ) ) ;
#1874 = CARTESIAN_POINT ( 'NONE',  ( 12.00000000000000178, 0.000000000000000000, -2.999999999999958256 ) ) ;
#1875 = LINE ( 'NONE', #1271, #2280 ) ;
#1876 = ORIENTED_EDGE ( 'NONE', *, *, #1866, .F. ) ;
#1877 =( NAMED_UNIT ( * ) PLANE_ANGLE_UNIT ( ) SI_UNIT ( $, .RADIAN. ) );
#1878 = DIRECTION ( 'NONE',  ( 0.000000000000000000, -0.000000000000000000, -1.000000000000000000 ) ) ;
#1879 = ORIENTED_EDGE ( 'NONE', *, *, #1209, .T. ) ;
#1880 = DIRECTION ( 'NONE',  ( 0.000000000000000000, 0.000000000000000000, -1.000000000000000000 ) ) ;
#1881 = DIRECTION ( 'NONE',  ( -0.000000000000000000, -1.000000000000000000, -0.000000000000000000 ) ) ;
#1882 = CIRCLE ( 'NONE', #1922, 1.550000000000001821 ) ;
#1883 = EDGE_CURVE ( 'NONE', #708, #2222, #711, .T. ) ;
#1884 = VERTEX_POINT ( 'NONE', #2216 ) ;
#1885 = ADVANCED_FACE ( 'NONE', ( #2080 ), #524, .T. ) ;
#1886 = FACE_BOUND ( 'NONE', #1825, .T. ) ;
#1887 = CARTESIAN_POINT ( 'NONE',  ( 0.000000000000000000, -8.000000000000000000, 0.000000000000000000 ) ) ;
#1888 = EDGE_LOOP ( 'NONE', ( #657, #1259, #986, #1435 ) ) ;
#1889 = DIRECTION ( 'NONE',  ( 1.000000000000000000, -0.000000000000000000, 2.312964634635743450E-16 ) ) ;
#1890 = CARTESIAN_POINT ( 'NONE',  ( 8.393543905251677373, -38.00000000000000711, -1.000000000000000888 ) ) ;
#1891 = ORIENTED_EDGE ( 'NONE', *, *, #2393, .T. ) ;
#1892 = LINE ( 'NONE', #2120, #190 ) ;
#1893 = DIRECTION ( 'NONE',  ( 1.000000000000000000, 0.000000000000000000, 0.000000000000000000 ) ) ;
#1894 = FACE_BOUND ( 'NONE', #1487, .T. ) ;
#1895 = AXIS2_PLACEMENT_3D ( 'NONE', #2188, #662, #1419 ) ;
#1896 = ORIENTED_EDGE ( 'NONE', *, *, #2350, .F. ) ;
#1897 = CARTESIAN_POINT ( 'NONE',  ( 12.00000000000000178, 13.00000000000000000, 1.550000000000042233 ) ) ;
#1898 = VECTOR ( 'NONE', #14, 1000.000000000000000 ) ;
#1899 = AXIS2_PLACEMENT_3D ( 'NONE', #1236, #1437, #669 ) ;
#1900 = EDGE_CURVE ( 'NONE', #2064, #6, #1345, .T. ) ;
#1901 = CARTESIAN_POINT ( 'NONE',  ( 12.00000000000000178, 6.000000000000000000, -2.999999999999958256 ) ) ;
#1902 = EDGE_CURVE ( 'NONE', #91, #1933, #613, .T. ) ;
#1903 = ORIENTED_EDGE ( 'NONE', *, *, #1779, .F. ) ;
#1904 = ORIENTED_EDGE ( 'NONE', *, *, #267, .F. ) ;
#1905 = LINE ( 'NONE', #216, #303 ) ;
#1906 = TOROIDAL_SURFACE ( 'NONE', #793, 5.750000000000000000, 1.000000000000000000 ) ;
#1907 = CARTESIAN_POINT ( 'NONE',  ( 1.898202538678397212E-16, 13.00000000000000000, -10.45000000000000107 ) ) ;
#1908 = LINE ( 'NONE', #962, #1109 ) ;
#1909 = ORIENTED_EDGE ( 'NONE', *, *, #1351, .F. ) ;
#1910 = CIRCLE ( 'NONE', #452, 1.550000000000000933 ) ;
#1911 = FACE_OUTER_BOUND ( 'NONE', #1233, .T. ) ;
#1912 = DIRECTION ( 'NONE',  ( 0.000000000000000000, 0.000000000000000000, -1.000000000000000000 ) ) ;
#1913 = ADVANCED_FACE ( 'NONE', ( #1886, #185 ), #715, .F. ) ;
#1914 = ORIENTED_EDGE ( 'NONE', *, *, #2079, .F. ) ;
#1915 = DIRECTION ( 'NONE',  ( -1.000000000000000000, -0.000000000000000000, -0.000000000000000000 ) ) ;
#1916 = EDGE_CURVE ( 'NONE', #2046, #802, #2436, .T. ) ;
#1917 = ORIENTED_EDGE ( 'NONE', *, *, #770, .T. ) ;
#1918 = CARTESIAN_POINT ( 'NONE',  ( 0.000000000000000000, -53.00000000000000000, 0.000000000000000000 ) ) ;
#1919 = FACE_BOUND ( 'NONE', #2297, .T. ) ;
#1920 = ORIENTED_EDGE ( 'NONE', *, *, #2165, .T. ) ;
#1921 = CARTESIAN_POINT ( 'NONE',  ( 5.916079783099616130, -53.00000000000000000, -0.9999999999999995559 ) ) ;
#1922 = AXIS2_PLACEMENT_3D ( 'NONE', #915, #1676, #734 ) ;
#1923 = CARTESIAN_POINT ( 'NONE',  ( 0.000000000000000000, 13.00000000000000000, -12.00000000000000178 ) ) ;
#1924 = FACE_BOUND ( 'NONE', #347, .T. ) ;
#1925 = ORIENTED_EDGE ( 'NONE', *, *, #1087, .F. ) ;
#1926 = DIRECTION ( 'NONE',  ( 0.000000000000000000, -1.000000000000000000, 0.000000000000000000 ) ) ;
#1927 = ORIENTED_EDGE ( 'NONE', *, *, #695, .T. ) ;
#1928 = LINE ( 'NONE', #412, #2251 ) ;
#1929 = CARTESIAN_POINT ( 'NONE',  ( 12.00000000000000178, 6.000000000000000000, 4.189777606611760657E-14 ) ) ;
#1930 = EDGE_CURVE ( 'NONE', #2064, #802, #1096, .T. ) ;
#1931 = ORIENTED_EDGE ( 'NONE', *, *, #403, .T. ) ;
#1932 = CARTESIAN_POINT ( 'NONE',  ( 5.040422375222899376, -52.80201188277049340, 0.9999999999999995559 ) ) ;
#1933 = VERTEX_POINT ( 'NONE', #171 ) ;
#1934 = DIRECTION ( 'NONE',  ( -0.000000000000000000, 1.000000000000000000, -0.000000000000000000 ) ) ;
#1935 = VECTOR ( 'NONE', #462, 1000.000000000000000 ) ;
#1936 = ORIENTED_EDGE ( 'NONE', *, *, #1900, .F. ) ;
#1937 = CARTESIAN_POINT ( 'NONE',  ( 0.000000000000000000, -13.00000000000000178, 0.000000000000000000 ) ) ;
#1938 = LINE ( 'NONE', #1606, #1586 ) ;
#1939 = EDGE_CURVE ( 'NONE', #165, #1156, #1835, .T. ) ;
#1940 = ORIENTED_EDGE ( 'NONE', *, *, #2105, .F. ) ;
#1941 = FACE_OUTER_BOUND ( 'NONE', #1458, .T. ) ;
#1942 = EDGE_CURVE ( 'NONE', #2351, #1688, #2033, .T. ) ;
#1943 = LINE ( 'NONE', #1347, #2088 ) ;
#1944 = ORIENTED_EDGE ( 'NONE', *, *, #1696, .T. ) ;
#1945 = DIRECTION ( 'NONE',  ( 0.000000000000000000, -1.000000000000000000, 0.000000000000000000 ) ) ;
#1946 = B_SPLINE_CURVE_WITH_KNOTS ( 'NONE', 3,
 ( #1974, #1595, #286, #853, #683, #501, #1449, #1262 ),
 .UNSPECIFIED., .F., .F.,
 ( 4, 2, 2, 4 ),
 ( 8.673617379884035472E-19, 0.0003928538253872420347, 0.0007857076507744832020, 0.001571415301548962067 ),
 .UNSPECIFIED. ) ;
#1947 = ORIENTED_EDGE ( 'NONE', *, *, #1039, .T. ) ;
#1948 = AXIS2_PLACEMENT_3D ( 'NONE', #2220, #1934, #419 ) ;
#1949 = VERTEX_POINT ( 'NONE', #1874 ) ;
#1950 = DIRECTION ( 'NONE',  ( -1.000000000000000000, -0.000000000000000000, -0.000000000000000000 ) ) ;
#1951 = CARTESIAN_POINT ( 'NONE',  ( 8.393543905251677373, -38.00000000000000711, -17.00000000000000000 ) ) ;
#1952 = CYLINDRICAL_SURFACE ( 'NONE', #2253, 6.000000000000000888 ) ;
#1953 = ORIENTED_EDGE ( 'NONE', *, *, #1681, .T. ) ;
#1954 = CARTESIAN_POINT ( 'NONE',  ( 7.041719095097281866E-16, -53.00000000000000000, 5.750000000000000000 ) ) ;
#1955 = ADVANCED_FACE ( 'NONE', ( #342, #751 ), #1084, .T. ) ;
#1956 = EDGE_CURVE ( 'NONE', #458, #391, #386, .T. ) ;
#1957 = ORIENTED_EDGE ( 'NONE', *, *, #1384, .F. ) ;
#1958 = FACE_OUTER_BOUND ( 'NONE', #1545, .T. ) ;
#1959 = AXIS2_PLACEMENT_3D ( 'NONE', #921, #1498, #2242 ) ;
#1960 = ORIENTED_EDGE ( 'NONE', *, *, #1348, .T. ) ;
#1961 = CARTESIAN_POINT ( 'NONE',  ( 0.000000000000000000, -52.00000000000000000, 4.750000000000000000 ) ) ;
#1962 = FACE_OUTER_BOUND ( 'NONE', #94, .T. ) ;
#1963 = CARTESIAN_POINT ( 'NONE',  ( -8.999999999999998224, 0.000000000000000000, -8.673617379884033500E-16 ) ) ;
#1964 = EDGE_LOOP ( 'NONE', ( #2134, #100, #1692, #1960 ) ) ;
#1965 = DIRECTION ( 'NONE',  ( 0.000000000000000000, 0.000000000000000000, -1.000000000000000000 ) ) ;
#1966 = ORIENTED_EDGE ( 'NONE', *, *, #1409, .T. ) ;
#1967 = EDGE_CURVE ( 'NONE', #1343, #203, #1512, .T. ) ;
#1968 = DIRECTION ( 'NONE',  ( 1.000000000000000000, -0.000000000000000000, 2.418923110329416679E-16 ) ) ;
#1969 = DIRECTION ( 'NONE',  ( -0.000000000000000000, -1.000000000000000000, -0.000000000000000000 ) ) ;
#1970 = TOROIDAL_SURFACE ( 'NONE', #2208, 7.000000000000000888, 1.000000000000000000 ) ;
#1971 = ADVANCED_FACE ( 'NONE', ( #2425 ), #545, .T. ) ;
#1972 = ORIENTED_EDGE ( 'NONE', *, *, #2165, .F. ) ;
#1973 = CYLINDRICAL_SURFACE ( 'NONE', #2176, 1.550000000000000488 ) ;
#1974 = CARTESIAN_POINT ( 'NONE',  ( 6.928203230275511437, -8.000000000000000000, 1.000000000000000000 ) ) ;
#1975 = DIRECTION ( 'NONE',  ( 1.000000000000000000, 0.000000000000000000, 0.000000000000000000 ) ) ;
#1976 = AXIS2_PLACEMENT_3D ( 'NONE', #1310, #2271, #572 ) ;
#1977 = VERTEX_POINT ( 'NONE', #1282 ) ;
#1978 = CARTESIAN_POINT ( 'NONE',  ( 5.916079783099616130, -9.000000000000014211, 0.9999999999999995559 ) ) ;
#1979 = VERTEX_POINT ( 'NONE', #2356 ) ;
#1980 = AXIS2_PLACEMENT_3D ( 'NONE', #668, #490, #446 ) ;
#1981 = CIRCLE ( 'NONE', #2058, 3.000000000000000444 ) ;
#1982 = CIRCLE ( 'NONE', #1553, 6.000000000000000888 ) ;
#1983 = DIRECTION ( 'NONE',  ( 1.000000000000000000, 0.000000000000000000, 0.000000000000000000 ) ) ;
#1984 = EDGE_CURVE ( 'NONE', #842, #1003, #2187, .T. ) ;
#1985 = ORIENTED_EDGE ( 'NONE', *, *, #1930, .T. ) ;
#1986 = CARTESIAN_POINT ( 'NONE',  ( 5.153152150922731600, -52.87520578240053482, -1.000000000000000444 ) ) ;
#1987 = CARTESIAN_POINT ( 'NONE',  ( 10.64354390525167737, -23.00000000000000355, -0.9999999999999991118 ) ) ;
#1988 = EDGE_CURVE ( 'NONE', #2168, #139, #1993, .T. ) ;
#1989 = VERTEX_POINT ( 'NONE', #1921 ) ;
#1990 = LINE ( 'NONE', #101, #121 ) ;
#1991 = ORIENTED_EDGE ( 'NONE', *, *, #847, .F. ) ;
#1992 = DIRECTION ( 'NONE',  ( 0.000000000000000000, 0.000000000000000000, 1.000000000000000000 ) ) ;
#1993 = CIRCLE ( 'NONE', #689, 1.550000000000000933 ) ;
#1994 = ORIENTED_EDGE ( 'NONE', *, *, #2422, .F. ) ;
#1995 = DIRECTION ( 'NONE',  ( 1.000000000000000000, 0.000000000000000000, 1.445602896647338917E-16 ) ) ;
#1996 = CARTESIAN_POINT ( 'NONE',  ( 5.396732694329067215, -52.97385651632323800, -1.000000000000000666 ) ) ;
#1997 = FACE_OUTER_BOUND ( 'NONE', #1566, .T. ) ;
#1998 = EDGE_CURVE ( 'NONE', #2222, #1471, #976, .T. ) ;
#1999 = ORIENTED_EDGE ( 'NONE', *, *, #1668, .T. ) ;
#2000 = DIRECTION ( 'NONE',  ( -0.000000000000000000, 1.000000000000000000, -0.000000000000000000 ) ) ;
#2001 = FACE_OUTER_BOUND ( 'NONE', #795, .T. ) ;
#2002 = ORIENTED_EDGE ( 'NONE', *, *, #594, .F. ) ;
#2003 = ORIENTED_EDGE ( 'NONE', *, *, #2094, .T. ) ;
#2004 = VECTOR ( 'NONE', #465, 1000.000000000000000 ) ;
#2005 = ORIENTED_EDGE ( 'NONE', *, *, #119, .T. ) ;
#2006 = CARTESIAN_POINT ( 'NONE',  ( 0.000000000000000000, 13.00000000000000000, 0.000000000000000000 ) ) ;
#2007 = FACE_BOUND ( 'NONE', #1675, .T. ) ;
#2008 = AXIS2_PLACEMENT_3D ( 'NONE', #874, #2193, #1623 ) ;
#2009 = ORIENTED_EDGE ( 'NONE', *, *, #467, .T. ) ;
#2010 = CARTESIAN_POINT ( 'NONE',  ( 8.395570613868308385, -18.00000000000000355, -1.000000000000000888 ) ) ;
#2011 = EDGE_CURVE ( 'NONE', #1032, #2219, #2290, .T. ) ;
#2012 = PRODUCT_CONTEXT ( 'NONE', #1805, 'mechanical' ) ;
#2013 = CARTESIAN_POINT ( 'NONE',  ( 10.64354390525167737, -33.00000000000000711, -1.000000000000000000 ) ) ;
#2014 = AXIS2_PLACEMENT_3D ( 'NONE', #1963, #617, #1013 ) ;
#2015 = VERTEX_POINT ( 'NONE', #1759 ) ;
#2016 = ADVANCED_FACE ( 'NONE', ( #1706 ), #727, .F. ) ;
#2017 = AXIS2_PLACEMENT_3D ( 'NONE', #648, #95, #1812 ) ;
#2018 = CARTESIAN_POINT ( 'NONE',  ( 6.843543905251675774, -38.00000000000000711, -1.000000000000001332 ) ) ;
#2019 = EDGE_LOOP ( 'NONE', ( #1531, #2 ) ) ;
#2020 = CARTESIAN_POINT ( 'NONE',  ( 8.393543905251677373, -38.00000000000000711, 3.000000000000000000 ) ) ;
#2021 = CARTESIAN_POINT ( 'NONE',  ( 12.00000000000000178, 6.000000000000000000, 4.189777606611760657E-14 ) ) ;
#2022 = FACE_OUTER_BOUND ( 'NONE', #232, .T. ) ;
#2023 = VECTOR ( 'NONE', #1274, 1000.000000000000000 ) ;
#2024 = VERTEX_POINT ( 'NONE', #1145 ) ;
#2025 = CARTESIAN_POINT ( 'NONE',  ( 5.196152422706632912, -13.00000000000000533, -2.999999999999999112 ) ) ;
#2026 = ORIENTED_EDGE ( 'NONE', *, *, #1998, .T. ) ;
#2027 = CARTESIAN_POINT ( 'NONE',  ( 7.500000000000000888, -1.000000000000000444, 5.999999999999996447 ) ) ;
#2028 = ADVANCED_FACE ( 'NONE', ( #629, #2141 ), #607, .T. ) ;
#2029 = CARTESIAN_POINT ( 'NONE',  ( 9.945570613868307319, -18.00000000000000355, -2.999999999999998668 ) ) ;
#2030 = ORIENTED_EDGE ( 'NONE', *, *, #2011, .F. ) ;
#2031 = CARTESIAN_POINT ( 'NONE',  ( -12.00000000000000000, 0.000000000000000000, 4.189777606611760026E-14 ) ) ;
#2032 = LINE ( 'NONE', #1438, #219 ) ;
#2033 = CIRCLE ( 'NONE', #1159, 4.750000000000000000 ) ;
#2034 = ORIENTED_EDGE ( 'NONE', *, *, #919, .F. ) ;
#2035 = DIRECTION ( 'NONE',  ( 0.000000000000000000, 0.000000000000000000, 1.000000000000000000 ) ) ;
#2036 = CARTESIAN_POINT ( 'NONE',  ( 4.643543905251676485, -52.00000000000000000, -1.000000000000000000 ) ) ;
#2037 = ORIENTED_EDGE ( 'NONE', *, *, #378, .T. ) ;
#2038 = DIRECTION ( 'NONE',  ( 2.418923110329417172E-16, 0.000000000000000000, -1.000000000000000000 ) ) ;
#2039 = FACE_OUTER_BOUND ( 'NONE', #293, .T. ) ;
#2040 = EDGE_CURVE ( 'NONE', #538, #397, #2318, .T. ) ;
#2041 = ORIENTED_EDGE ( 'NONE', *, *, #1051, .T. ) ;
#2042 = DIRECTION ( 'NONE',  ( 0.000000000000000000, 0.000000000000000000, 1.000000000000000000 ) ) ;
#2043 = DIRECTION ( 'NONE',  ( -1.000000000000000000, 0.000000000000000000, -2.797941090285174069E-16 ) ) ;
#2044 = FACE_OUTER_BOUND ( 'NONE', #1626, .T. ) ;
#2045 = EDGE_CURVE ( 'NONE', #63, #1265, #25, .T. ) ;
#2046 = VERTEX_POINT ( 'NONE', #778 ) ;
#2047 = DIRECTION ( 'NONE',  ( 0.000000000000000000, 0.000000000000000000, 1.000000000000000000 ) ) ;
#2048 = DIRECTION ( 'NONE',  ( 1.000000000000000000, -0.000000000000000000, 2.312964634635743450E-16 ) ) ;
#2049 = ORIENTED_EDGE ( 'NONE', *, *, #1806, .F. ) ;
#2050 = AXIS2_PLACEMENT_3D ( 'NONE', #1700, #178, #924 ) ;
#2051 = LINE ( 'NONE', #881, #367 ) ;
#2052 = CARTESIAN_POINT ( 'NONE',  ( 8.484105252154705568, -8.000000000000000000, -0.9999999999999995559 ) ) ;
#2053 = ORIENTED_EDGE ( 'NONE', *, *, #2292, .T. ) ;
#2054 = FACE_OUTER_BOUND ( 'NONE', #387, .T. ) ;
#2055 = DIRECTION ( 'NONE',  ( -0.000000000000000000, 1.000000000000000000, -0.000000000000000000 ) ) ;
#2056 = DIRECTION ( 'NONE',  ( -0.000000000000000000, -1.000000000000000000, -0.000000000000000000 ) ) ;
#2057 = AXIS2_PLACEMENT_3D ( 'NONE', #758, #1529, #2282 ) ;
#2058 = AXIS2_PLACEMENT_3D ( 'NONE', #762, #1342, #775 ) ;
#2059 = ORIENTED_EDGE ( 'NONE', *, *, #1087, .T. ) ;
#2060 = DIRECTION ( 'NONE',  ( 0.000000000000000000, -1.000000000000000000, 0.000000000000000000 ) ) ;
#2061 = CYLINDRICAL_SURFACE ( 'NONE', #1224, 1.550000000000000488 ) ;
#2062 = ADVANCED_FACE ( 'NONE', ( #1537, #1344 ), #243, .T. ) ;
#2063 = AXIS2_PLACEMENT_3D ( 'NONE', #1211, #1969, #1778 ) ;
#2064 = VERTEX_POINT ( 'NONE', #1744 ) ;
#2065 = VECTOR ( 'NONE', #1375, 1000.000000000000000 ) ;
#2066 = CARTESIAN_POINT ( 'NONE',  ( 4.643543905251676485, -13.00000000000000178, -3.000000000000000000 ) ) ;
#2067 = CARTESIAN_POINT ( 'NONE',  ( 3.673940397442058389E-16, 6.000000000000000000, -9.000000000000001776 ) ) ;
#2068 = EDGE_LOOP ( 'NONE', ( #1555, #1909 ) ) ;
#2069 = CYLINDRICAL_SURFACE ( 'NONE', #1858, 1.550000000000000488 ) ;
#2070 = CARTESIAN_POINT ( 'NONE',  ( 6.845570613868309451, -18.00000000000000355, -17.00000000000000000 ) ) ;
#2071 = DIRECTION ( 'NONE',  ( 0.000000000000000000, -0.000000000000000000, -1.000000000000000000 ) ) ;
#2072 = ORIENTED_EDGE ( 'NONE', *, *, #523, .T. ) ;
#2073 = DIRECTION ( 'NONE',  ( -0.000000000000000000, -0.000000000000000000, 1.000000000000000000 ) ) ;
#2074 = CARTESIAN_POINT ( 'NONE',  ( 0.000000000000000000, 0.000000000000000000, -9.000000000000001776 ) ) ;
#2075 = DIRECTION ( 'NONE',  ( 0.000000000000000000, 1.000000000000000000, -0.000000000000000000 ) ) ;
#2076 = EDGE_CURVE ( 'NONE', #1363, #798, #64, .T. ) ;
#2077 = ORIENTED_EDGE ( 'NONE', *, *, #2011, .T. ) ;
#2078 = AXIS2_PLACEMENT_3D ( 'NONE', #1887, #893, #1486 ) ;
#2079 = EDGE_CURVE ( 'NONE', #429, #1078, #2317, .T. ) ;
#2080 = FACE_OUTER_BOUND ( 'NONE', #1370, .T. ) ;
#2081 = LINE ( 'NONE', #393, #1321 ) ;
#2082 = ORIENTED_EDGE ( 'NONE', *, *, #1362, .F. ) ;
#2083 = LINE ( 'NONE', #1083, #1219 ) ;
#2084 = ORIENTED_EDGE ( 'NONE', *, *, #1238, .F. ) ;
#2085 = CARTESIAN_POINT ( 'NONE',  ( 5.817072295949926440E-16, -53.00000000000000000, -4.750000000000000000 ) ) ;
#2086 = DIRECTION ( 'NONE',  ( 0.000000000000000000, -1.000000000000000000, 0.000000000000000000 ) ) ;
#2087 = DIRECTION ( 'NONE',  ( 0.000000000000000000, -0.000000000000000000, 1.000000000000000000 ) ) ;
#2088 = VECTOR ( 'NONE', #608, 1000.000000000000000 ) ;
#2089 = ORIENTED_EDGE ( 'NONE', *, *, #1055, .F. ) ;
#2090 = ADVANCED_FACE ( 'NONE', ( #1941 ), #990, .F. ) ;
#2091 = AXIS2_PLACEMENT_3D ( 'NONE', #1136, #1671, #1474 ) ;
#2092 = CIRCLE ( 'NONE', #438, 1.000000000000000000 ) ;
#2093 = CARTESIAN_POINT ( 'NONE',  ( 0.000000000000000000, -52.00000000000000000, 0.000000000000000000 ) ) ;
#2094 = EDGE_CURVE ( 'NONE', #1575, #421, #1882, .T. ) ;
#2095 = EDGE_LOOP ( 'NONE', ( #1024, #1393, #508, #682 ) ) ;
#2096 = ORIENTED_EDGE ( 'NONE', *, *, #254, .F. ) ;
#2097 = DIRECTION ( 'NONE',  ( 1.000000000000000000, 0.000000000000000000, 0.000000000000000000 ) ) ;
#2098 = VECTOR ( 'NONE', #2172, 1000.000000000000000 ) ;
#2099 = DIRECTION ( 'NONE',  ( 1.000000000000000000, 0.000000000000000000, -0.000000000000000000 ) ) ;
#2100 = DIRECTION ( 'NONE',  ( 0.000000000000000000, -1.000000000000000000, 0.000000000000000000 ) ) ;
#2101 = AXIS2_PLACEMENT_3D ( 'NONE', #311, #167, #902 ) ;
#2102 = AXIS2_PLACEMENT_3D ( 'NONE', #1266, #888, #1831 ) ;
#2103 = EDGE_LOOP ( 'NONE', ( #2089, #935, #1655, #289, #328, #117, #1020, #2009 ) ) ;
#2104 = DIRECTION ( 'NONE',  ( 0.000000000000000000, -0.000000000000000000, -1.000000000000000000 ) ) ;
#2105 = EDGE_CURVE ( 'NONE', #187, #464, #1492, .T. ) ;
#2106 = VERTEX_POINT ( 'NONE', #1130 ) ;
#2107 = DIRECTION ( 'NONE',  ( 0.000000000000000000, -1.000000000000000000, 0.000000000000000000 ) ) ;
#2108 = ORIENTED_EDGE ( 'NONE', *, *, #2405, .T. ) ;
#2109 = FACE_OUTER_BOUND ( 'NONE', #1126, .T. ) ;
#2110 = LINE ( 'NONE', #1395, #516 ) ;
#2111 = ORIENTED_EDGE ( 'NONE', *, *, #821, .T. ) ;
#2112 = CARTESIAN_POINT ( 'NONE',  ( 8.393543905251677373, -38.00000000000000711, 1.000000000000000888 ) ) ;
#2113 = AXIS2_PLACEMENT_3D ( 'NONE', #965, #1330, #1183 ) ;
#2114 = FACE_OUTER_BOUND ( 'NONE', #2103, .T. ) ;
#2115 = CARTESIAN_POINT ( 'NONE',  ( 5.529116051623585548, -53.00000000000000000, 0.9999999999999995559 ) ) ;
#2116 = ORIENTED_EDGE ( 'NONE', *, *, #2133, .T. ) ;
#2117 = LINE ( 'NONE', #782, #1833 ) ;
#2118 = EDGE_CURVE ( 'NONE', #1646, #1977, #1905, .T. ) ;
#2119 = ORIENTED_EDGE ( 'NONE', *, *, #2277, .T. ) ;
#2120 = CARTESIAN_POINT ( 'NONE',  ( 4.643543905251676485, -53.00000000000000000, -1.000000000000000000 ) ) ;
#2121 = LINE ( 'NONE', #1179, #90 ) ;
#2122 = CARTESIAN_POINT ( 'NONE',  ( 12.00000000000000178, 6.000000000000000000, -2.999999999999958256 ) ) ;
#2123 = EDGE_CURVE ( 'NONE', #1168, #397, #1892, .T. ) ;
#2124 = ORIENTED_EDGE ( 'NONE', *, *, #1796, .F. ) ;
#2125 = PRODUCT ( '\X2\89e664787b148fde63a5\X0\', '\X2\89e664787b148fde63a5\X0\', '', ( #2012 ) ) ;
#2126 = AXIS2_PLACEMENT_3D ( 'NONE', #804, #40, #455 ) ;
#2127 = ORIENTED_EDGE ( 'NONE', *, *, #1649, .T. ) ;
#2128 = DIRECTION ( 'NONE',  ( -1.000000000000000000, -0.000000000000000000, -0.000000000000000000 ) ) ;
#2129 = CIRCLE ( 'NONE', #2404, 6.000000000000000888 ) ;
#2130 = ORIENTED_EDGE ( 'NONE', *, *, #1549, .F. ) ;
#2131 = LINE ( 'NONE', #1161, #1073 ) ;
#2132 = AXIS2_PLACEMENT_3D ( 'NONE', #1802, #162, #502 ) ;
#2133 = EDGE_CURVE ( 'NONE', #538, #848, #2261, .T. ) ;
#2134 = ORIENTED_EDGE ( 'NONE', *, *, #403, .F. ) ;
#2135 = DIRECTION ( 'NONE',  ( 0.000000000000000000, 0.000000000000000000, -1.000000000000000000 ) ) ;
#2136 = FACE_OUTER_BOUND ( 'NONE', #480, .T. ) ;
#2137 = AXIS2_PLACEMENT_3D ( 'NONE', #1011, #1427, #2182 ) ;
#2138 = ADVANCED_FACE ( 'NONE', ( #1326 ), #615, .F. ) ;
#2139 = EDGE_CURVE ( 'NONE', #1795, #742, #432, .T. ) ;
#2140 = VERTEX_POINT ( 'NONE', #772 ) ;
#2141 = FACE_OUTER_BOUND ( 'NONE', #1873, .T. ) ;
#2142 = CARTESIAN_POINT ( 'NONE',  ( -5.499999999999999112, -1.000000000000000444, 5.999999999999993783 ) ) ;
#2143 = AXIS2_PLACEMENT_3D ( 'NONE', #349, #1827, #854 ) ;
#2144 = VECTOR ( 'NONE', #531, 1000.000000000000000 ) ;
#2145 = ORIENTED_EDGE ( 'NONE', *, *, #1610, .T. ) ;
#2146 = LINE ( 'NONE', #409, #2065 ) ;
#2147 = ORIENTED_EDGE ( 'NONE', *, *, #1632, .F. ) ;
#2148 = CARTESIAN_POINT ( 'NONE',  ( 5.916079783099616130, -33.00000000000001421, 0.9999999999999995559 ) ) ;
#2149 = LINE ( 'NONE', #1027, #1935 ) ;
#2150 = ORIENTED_EDGE ( 'NONE', *, *, #198, .F. ) ;
#2151 = EDGE_CURVE ( 'NONE', #1182, #464, #1602, .T. ) ;
#2152 = AXIS2_PLACEMENT_3D ( 'NONE', #784, #2300, #1164 ) ;
#2153 = EDGE_CURVE ( 'NONE', #1187, #2401, #1532, .T. ) ;
#2154 = LINE ( 'NONE', #510, #1085 ) ;
#2155 = CARTESIAN_POINT ( 'NONE',  ( 7.500000000000000888, 0.000000000000000000, 7.499999999999998224 ) ) ;
#2156 = AXIS2_PLACEMENT_3D ( 'NONE', #1320, #368, #728 ) ;
#2157 = ORIENTED_EDGE ( 'NONE', *, *, #859, .T. ) ;
#2158 = DIRECTION ( 'NONE',  ( -0.000000000000000000, -0.000000000000000000, 1.000000000000000000 ) ) ;
#2159 = CARTESIAN_POINT ( 'NONE',  ( 0.000000000000000000, -33.00000000000000711, 0.000000000000000000 ) ) ;
#2160 = CARTESIAN_POINT ( 'NONE',  ( -12.00000000000000000, 13.00000000000000000, -1.256933281983528260E-13 ) ) ;
#2161 = ORIENTED_EDGE ( 'NONE', *, *, #2094, .F. ) ;
#2162 = DIRECTION ( 'NONE',  ( -0.000000000000000000, -0.000000000000000000, 1.000000000000000000 ) ) ;
#2163 = EDGE_CURVE ( 'NONE', #1884, #63, #2285, .T. ) ;
#2164 = CIRCLE ( 'NONE', #48, 6.000000000000000888 ) ;
#2165 = EDGE_CURVE ( 'NONE', #855, #110, #1314, .T. ) ;
#2166 = ORIENTED_EDGE ( 'NONE', *, *, #1242, .T. ) ;
#2167 = AXIS2_PLACEMENT_3D ( 'NONE', #34, #961, #774 ) ;
#2168 = VERTEX_POINT ( 'NONE', #971 ) ;
#2169 = DIRECTION ( 'NONE',  ( 0.000000000000000000, -1.000000000000000000, 0.000000000000000000 ) ) ;
#2170 = FACE_OUTER_BOUND ( 'NONE', #1245, .T. ) ;
#2171 = CARTESIAN_POINT ( 'NONE',  ( 0.000000000000000000, 0.000000000000000000, -15.00000000000000355 ) ) ;
#2172 = DIRECTION ( 'NONE',  ( -1.000000000000000000, -0.000000000000000000, -0.000000000000000000 ) ) ;
#2173 = VECTOR ( 'NONE', #1476, 1000.000000000000000 ) ;
#2174 = ORIENTED_EDGE ( 'NONE', *, *, #1838, .T. ) ;
#2175 = FACE_BOUND ( 'NONE', #880, .T. ) ;
#2176 = AXIS2_PLACEMENT_3D ( 'NONE', #637, #658, #285 ) ;
#2177 = AXIS2_PLACEMENT_3D ( 'NONE', #1817, #131, #866 ) ;
#2178 = AXIS2_PLACEMENT_3D ( 'NONE', #2237, #2224, #1292 ) ;
#2179 = CARTESIAN_POINT ( 'NONE',  ( -12.00000000000000000, 13.00000000000000000, -1.256933281983528260E-13 ) ) ;
#2180 = EDGE_CURVE ( 'NONE', #781, #802, #767, .T. ) ;
#2181 = ORIENTED_EDGE ( 'NONE', *, *, #849, .T. ) ;
#2182 = DIRECTION ( 'NONE',  ( 0.000000000000000000, 0.000000000000000000, 1.000000000000000000 ) ) ;
#2183 = FACE_OUTER_BOUND ( 'NONE', #1495, .T. ) ;
#2184 = CARTESIAN_POINT ( 'NONE',  ( 0.000000000000000000, 6.000000000000000000, -12.00000000000000178 ) ) ;
#2185 = ORIENTED_EDGE ( 'NONE', *, *, #1794, .T. ) ;
#2186 = CARTESIAN_POINT ( 'NONE',  ( 6.843543905251675774, -38.00000000000000711, 3.000000000000000000 ) ) ;
#2187 = B_SPLINE_CURVE_WITH_KNOTS ( 'NONE', 3,
 ( #1034, #248, #1769, #2215, #11, #522, #354, #2279, #437, #1719 ),
 .UNSPECIFIED., .F., .F.,
 ( 4, 2, 2, 2, 4 ),
 ( 1.226634733346699310E-17, 0.0003928514565069404275, 0.0007857029130138686035, 0.001178554369520796834, 0.001571405826027725064 ),
 .UNSPECIFIED. ) ;
#2188 = CARTESIAN_POINT ( 'NONE',  ( 12.00000000000000178, 6.000000000000000000, 4.189777606611760657E-14 ) ) ;
#2189 = EDGE_LOOP ( 'NONE', ( #214, #1879, #1925, #652 ) ) ;
#2190 = CARTESIAN_POINT ( 'NONE',  ( -12.00000000000000000, 6.000000000000000000, 4.189777606611760026E-14 ) ) ;
#2191 = AXIS2_PLACEMENT_3D ( 'NONE', #74, #1869, #180 ) ;
#2192 = ORIENTED_EDGE ( 'NONE', *, *, #1902, .F. ) ;
#2193 = DIRECTION ( 'NONE',  ( 0.000000000000000000, -1.000000000000000000, 0.000000000000000000 ) ) ;
#2194 = DIRECTION ( 'NONE',  ( 1.000000000000000000, 0.000000000000000000, 2.797941090285174069E-16 ) ) ;
#2195 = EDGE_CURVE ( 'NONE', #2388, #721, #31, .T. ) ;
#2196 = AXIS2_PLACEMENT_3D ( 'NONE', #2179, #488, #1992 ) ;
#2197 = ORIENTED_EDGE ( 'NONE', *, *, #298, .T. ) ;
#2198 = CARTESIAN_POINT ( 'NONE',  ( -8.999999999999998224, 0.000000000000000000, -8.673617379884033500E-16 ) ) ;
#2199 = ADVANCED_FACE ( 'NONE', ( #1017, #1407, #2001, #1243, #2175, #132 ), #1031, .T. ) ;
#2200 = LINE ( 'NONE', #1617, #87 ) ;
#2201 = VERTEX_POINT ( 'NONE', #1066 ) ;
#2202 = FACE_OUTER_BOUND ( 'NONE', #155, .T. ) ;
#2203 = VECTOR ( 'NONE', #1157, 1000.000000000000000 ) ;
#2204 = ORIENTED_EDGE ( 'NONE', *, *, #1254, .T. ) ;
#2205 = DIRECTION ( 'NONE',  ( 0.000000000000000000, -1.000000000000000000, 0.000000000000000000 ) ) ;
#2206 = DIRECTION ( 'NONE',  ( 0.000000000000000000, -1.000000000000000000, 0.000000000000000000 ) ) ;
#2207 = LINE ( 'NONE', #2247, #212 ) ;
#2208 = AXIS2_PLACEMENT_3D ( 'NONE', #1295, #2426, #703 ) ;
#2209 = CIRCLE ( 'NONE', #279, 1.550000000000000933 ) ;
#2210 = VERTEX_POINT ( 'NONE', #487 ) ;
#2211 = DIRECTION ( 'NONE',  ( 1.000000000000000000, -8.359070939180712141E-32, 2.891205793294678326E-16 ) ) ;
#2212 = ADVANCED_FACE ( 'NONE', ( #1231 ), #1052, .T. ) ;
#2213 = DIRECTION ( 'NONE',  ( -0.000000000000000000, -1.000000000000000000, -0.000000000000000000 ) ) ;
#2214 = ORIENTED_EDGE ( 'NONE', *, *, #712, .T. ) ;
#2215 = CARTESIAN_POINT ( 'NONE',  ( 6.045317422992265044, -8.494078657967884638, -1.000000000000000222 ) ) ;
#2216 = CARTESIAN_POINT ( 'NONE',  ( 5.916079783099616130, -43.00000000000000000, 0.9999999999999991118 ) ) ;
#2217 = VECTOR ( 'NONE', #911, 1000.000000000000000 ) ;
#2218 = FACE_OUTER_BOUND ( 'NONE', #942, .T. ) ;
#2219 = VERTEX_POINT ( 'NONE', #1818 ) ;
#2220 = CARTESIAN_POINT ( 'NONE',  ( 0.000000000000000000, -8.000000000000000000, 0.000000000000000000 ) ) ;
#2221 = DIRECTION ( 'NONE',  ( 0.000000000000000000, -1.000000000000000000, -0.000000000000000000 ) ) ;
#2222 = VERTEX_POINT ( 'NONE', #1787 ) ;
#2223 = CARTESIAN_POINT ( 'NONE',  ( 5.196152422706632912, -53.00000000000000000, 3.000000000000000888 ) ) ;
#2224 = DIRECTION ( 'NONE',  ( 0.000000000000000000, -1.000000000000000000, 0.000000000000000000 ) ) ;
#2225 = ORIENTED_EDGE ( 'NONE', *, *, #946, .T. ) ;
#2226 = EDGE_CURVE ( 'NONE', #421, #44, #1609, .T. ) ;
#2227 = CARTESIAN_POINT ( 'NONE',  ( 12.00000000000000178, 13.00000000000000000, 4.189777606611760657E-14 ) ) ;
#2228 = LINE ( 'NONE', #1901, #1898 ) ;
#2229 = ADVANCED_FACE ( 'NONE', ( #1433 ), #1797, .F. ) ;
#2230 = ORIENTED_EDGE ( 'NONE', *, *, #1779, .T. ) ;
#2231 = DIRECTION ( 'NONE',  ( 0.000000000000000000, 0.000000000000000000, 1.000000000000000000 ) ) ;
#2232 = CARTESIAN_POINT ( 'NONE',  ( -5.499999999999995559, -1.000000000000000444, -6.000000000000006217 ) ) ;
#2233 = CARTESIAN_POINT ( 'NONE',  ( 0.000000000000000000, 13.00000000000000000, -12.00000000000000178 ) ) ;
#2234 = VECTOR ( 'NONE', #1572, 1000.000000000000000 ) ;
#2235 = VERTEX_POINT ( 'NONE', #1832 ) ;
#2236 = DIRECTION ( 'NONE',  ( 0.000000000000000000, 0.000000000000000000, -1.000000000000000000 ) ) ;
#2237 = CARTESIAN_POINT ( 'NONE',  ( 12.00000000000000178, 6.000000000000000000, 4.189777606611760657E-14 ) ) ;
#2238 = DIRECTION ( 'NONE',  ( 1.000000000000000000, 0.000000000000000000, 0.000000000000000000 ) ) ;
#2239 = ORIENTED_EDGE ( 'NONE', *, *, #1549, .T. ) ;
#2240 = CARTESIAN_POINT ( 'NONE',  ( -8.379555213223521315E-14, 6.000000000000000000, 12.00000000000000178 ) ) ;
#2241 = EDGE_CURVE ( 'NONE', #2256, #1758, #1990, .T. ) ;
#2242 = DIRECTION ( 'NONE',  ( -2.312964634635742957E-16, 0.000000000000000000, 1.000000000000000000 ) ) ;
#2243 = EDGE_CURVE ( 'NONE', #1426, #70, #2200, .T. ) ;
#2244 = VECTOR ( 'NONE', #699, 1000.000000000000000 ) ;
#2245 = ORIENTED_EDGE ( 'NONE', *, *, #1761, .T. ) ;
#2246 = CARTESIAN_POINT ( 'NONE',  ( -5.499999999999999112, -5.000000000000000000, 5.999999999999992895 ) ) ;
#2247 = CARTESIAN_POINT ( 'NONE',  ( -8.360573187836737493E-14, 13.00000000000000000, 13.55000000000000249 ) ) ;
#2248 = ORIENTED_EDGE ( 'NONE', *, *, #1866, .T. ) ;
#2249 = CARTESIAN_POINT ( 'NONE',  ( 0.000000000000000000, -9.000000000000001776, 0.000000000000000000 ) ) ;
#2250 = PLANE ( 'NONE',  #599 ) ;
#2251 = VECTOR ( 'NONE', #1000, 1000.000000000000000 ) ;
#2252 = ORIENTED_EDGE ( 'NONE', *, *, #2243, .F. ) ;
#2253 = AXIS2_PLACEMENT_3D ( 'NONE', #85, #60, #2349 ) ;
#2254 = DIRECTION ( 'NONE',  ( 0.000000000000000000, -1.000000000000000000, 0.000000000000000000 ) ) ;
#2255 = DIRECTION ( 'NONE',  ( -0.000000000000000000, -1.000000000000000000, -0.000000000000000000 ) ) ;
#2256 = VERTEX_POINT ( 'NONE', #475 ) ;
#2257 = DIRECTION ( 'NONE',  ( -0.000000000000000000, -1.000000000000000000, -0.000000000000000000 ) ) ;
#2258 = FACE_OUTER_BOUND ( 'NONE', #2326, .T. ) ;
#2259 = ADVANCED_FACE ( 'NONE', ( #840 ), #1456, .F. ) ;
#2260 = ORIENTED_EDGE ( 'NONE', *, *, #2123, .F. ) ;
#2261 = LINE ( 'NONE', #2085, #956 ) ;
#2262 = CARTESIAN_POINT ( 'NONE',  ( 12.00000000000000178, 0.000000000000000000, 4.189777606611760657E-14 ) ) ;
#2263 = PLANE ( 'NONE',  #1346 ) ;
#2264 = VECTOR ( 'NONE', #939, 1000.000000000000000 ) ;
#2265 = ORIENTED_EDGE ( 'NONE', *, *, #435, .T. ) ;
#2266 = AXIS2_PLACEMENT_3D ( 'NONE', #612, #443, #969 ) ;
#2267 = CARTESIAN_POINT ( 'NONE',  ( 8.393543905251677373, -38.00000000000000711, -1.000000000000000888 ) ) ;
#2268 = DIRECTION ( 'NONE',  ( -1.000000000000000000, 0.000000000000000000, -2.797941090285174069E-16 ) ) ;
#2269 = ORIENTED_EDGE ( 'NONE', *, *, #712, .F. ) ;
#2270 = CARTESIAN_POINT ( 'NONE',  ( 5.817072295949926440E-16, 10.00000000000000000, 4.750000000000000000 ) ) ;
#2271 = DIRECTION ( 'NONE',  ( -0.000000000000000000, -1.000000000000000000, -0.000000000000000000 ) ) ;
#2272 = DIRECTION ( 'NONE',  ( -0.000000000000000000, -1.000000000000000000, -0.000000000000000000 ) ) ;
#2273 = EDGE_CURVE ( 'NONE', #429, #2015, #2164, .T. ) ;
#2274 = EDGE_LOOP ( 'NONE', ( #2239, #1659, #1462, #1927 ) ) ;
#2275 = DIRECTION ( 'NONE',  ( 1.000000000000000000, 0.000000000000000000, 1.445602896647339163E-16 ) ) ;
#2276 = LINE ( 'NONE', #1119, #982 ) ;
#2277 = EDGE_CURVE ( 'NONE', #855, #63, #145, .T. ) ;
#2278 = ORIENTED_EDGE ( 'NONE', *, *, #740, .T. ) ;
#2279 = CARTESIAN_POINT ( 'NONE',  ( 6.663384144416543364, -8.026264560255540914, -1.000000000000000222 ) ) ;
#2280 = VECTOR ( 'NONE', #2413, 1000.000000000000000 ) ;
#2281 = ORIENTED_EDGE ( 'NONE', *, *, #1942, .F. ) ;
#2282 = DIRECTION ( 'NONE',  ( 8.881784197001252323E-16, 0.000000000000000000, -1.000000000000000000 ) ) ;
#2283 = DIRECTION ( 'NONE',  ( -1.224646799147353454E-16, 0.000000000000000000, -1.000000000000000000 ) ) ;
#2284 = VERTEX_POINT ( 'NONE', #1978 ) ;
#2285 = LINE ( 'NONE', #1340, #498 ) ;
#2286 = DIRECTION ( 'NONE',  ( 1.000000000000000000, 0.000000000000000000, 0.000000000000000000 ) ) ;
#2287 = DIRECTION ( 'NONE',  ( -0.000000000000000000, 0.000000000000000000, 1.000000000000000000 ) ) ;
#2288 = AXIS2_PLACEMENT_3D ( 'NONE', #415, #994, #1748 ) ;
#2289 = ORIENTED_EDGE ( 'NONE', *, *, #2153, .T. ) ;
#2290 = LINE ( 'NONE', #789, #2234 ) ;
#2291 = CIRCLE ( 'NONE', #1780, 1.550000000000000933 ) ;
#2292 = EDGE_CURVE ( 'NONE', #1979, #1246, #2396, .T. ) ;
#2293 = AXIS2_PLACEMENT_3D ( 'NONE', #926, #1277, #166 ) ;
#2294 = CARTESIAN_POINT ( 'NONE',  ( 2.020667218593132706E-15, 13.00000000000000000, 16.50000000000000000 ) ) ;
#2295 = LINE ( 'NONE', #2142, #278 ) ;
#2296 = VECTOR ( 'NONE', #2055, 1000.000000000000000 ) ;
#2297 = EDGE_LOOP ( 'NONE', ( #2161, #2435 ) ) ;
#2298 = PLANE ( 'NONE',  #377 ) ;
#2299 = EDGE_LOOP ( 'NONE', ( #1240, #2383, #1352, #2030 ) ) ;
#2300 = DIRECTION ( 'NONE',  ( 0.000000000000000000, -1.000000000000000000, 0.000000000000000000 ) ) ;
#2301 = CIRCLE ( 'NONE', #1822, 1.549999999999999378 ) ;
#2302 = CARTESIAN_POINT ( 'NONE',  ( -12.00000000000000000, 6.000000000000000000, -2.999999999999958256 ) ) ;
#2303 = AXIS2_PLACEMENT_3D ( 'NONE', #1534, #2287, #952 ) ;
#2304 = VECTOR ( 'NONE', #2000, 1000.000000000000000 ) ;
#2305 = ORIENTED_EDGE ( 'NONE', *, *, #1021, .F. ) ;
#2306 = DIRECTION ( 'NONE',  ( 0.000000000000000000, -1.000000000000000000, 0.000000000000000000 ) ) ;
#2307 = EDGE_CURVE ( 'NONE', #979, #548, #1451, .T. ) ;
#2308 = CARTESIAN_POINT ( 'NONE',  ( -5.499999999999999112, -5.000000000000000000, 5.999999999999992895 ) ) ;
#2309 = ADVANCED_FACE ( 'NONE', ( #292 ), #2373, .F. ) ;
#2310 = ORIENTED_EDGE ( 'NONE', *, *, #109, .F. ) ;
#2311 = DIRECTION ( 'NONE',  ( -1.000000000000000000, 0.000000000000000000, -0.000000000000000000 ) ) ;
#2312 = ORIENTED_EDGE ( 'NONE', *, *, #1608, .T. ) ;
#2313 = CARTESIAN_POINT ( 'NONE',  ( 0.000000000000000000, -53.00000000000000000, 6.000000000000000888 ) ) ;
#2314 = PLANE ( 'NONE',  #743 ) ;
#2315 = CARTESIAN_POINT ( 'NONE',  ( 10.64354390525167737, -23.00000000000000355, 0.9999999999999991118 ) ) ;
#2316 = ORIENTED_EDGE ( 'NONE', *, *, #2352, .F. ) ;
#2317 = LINE ( 'NONE', #1524, #226 ) ;
#2318 = CIRCLE ( 'NONE', #2431, 4.750000000000000000 ) ;
#2319 = FACE_OUTER_BOUND ( 'NONE', #1837, .T. ) ;
#2320 = ORIENTED_EDGE ( 'NONE', *, *, #198, .T. ) ;
#2321 = EDGE_CURVE ( 'NONE', #139, #468, #111, .T. ) ;
#2322 = ORIENTED_EDGE ( 'NONE', *, *, #1134, .F. ) ;
#2323 = CARTESIAN_POINT ( 'NONE',  ( 4.643543905251676485, -43.00000000000000000, -1.000000000000000000 ) ) ;
#2324 = CARTESIAN_POINT ( 'NONE',  ( 9.943543905251678083, -38.00000000000000711, 3.000000000000000000 ) ) ;
#2325 = DIRECTION ( 'NONE',  ( 0.000000000000000000, 0.000000000000000000, 1.000000000000000000 ) ) ;
#2326 = EDGE_LOOP ( 'NONE', ( #440, #1936, #1985, #315 ) ) ;
#2327 = DIRECTION ( 'NONE',  ( 0.000000000000000000, -1.000000000000000000, 0.000000000000000000 ) ) ;
#2328 = FACE_OUTER_BOUND ( 'NONE', #1790, .T. ) ;
#2329 = CARTESIAN_POINT ( 'NONE',  ( 5.153057531804677183, -52.87529029185052565, 0.9999999999999993339 ) ) ;
#2330 = AXIS2_PLACEMENT_3D ( 'NONE', #1461, #345, #1097 ) ;
#2331 = AXIS2_PLACEMENT_3D ( 'NONE', #1315, #2060, #1118 ) ;
#2332 = VERTEX_POINT ( 'NONE', #120 ) ;
#2333 = DIRECTION ( 'NONE',  ( 0.000000000000000000, -1.000000000000000000, 0.000000000000000000 ) ) ;
#2334 = VECTOR ( 'NONE', #639, 1000.000000000000000 ) ;
#2335 = EDGE_LOOP ( 'NONE', ( #1257, #1718, #504, #1281 ) ) ;
#2336 = CARTESIAN_POINT ( 'NONE',  ( 8.393543905251677373, -38.00000000000000711, -17.00000000000000000 ) ) ;
#2337 = DIRECTION ( 'NONE',  ( -1.000000000000000000, -0.000000000000000000, -1.445602896647339163E-16 ) ) ;
#2338 = DIRECTION ( 'NONE',  ( 0.000000000000000000, 0.000000000000000000, -1.000000000000000000 ) ) ;
#2339 = EDGE_CURVE ( 'NONE', #922, #567, #1172, .T. ) ;
#2340 = CIRCLE ( 'NONE', #2057, 7.000000000000000888 ) ;
#2341 = ORIENTED_EDGE ( 'NONE', *, *, #1696, .F. ) ;
#2342 = EDGE_CURVE ( 'NONE', #1848, #742, #1587, .T. ) ;
#2343 = VECTOR ( 'NONE', #540, 1000.000000000000000 ) ;
#2344 = DIRECTION ( 'NONE',  ( -0.000000000000000000, -1.000000000000000000, -0.000000000000000000 ) ) ;
#2345 = CARTESIAN_POINT ( 'NONE',  ( -8.379555213223521315E-14, 0.000000000000000000, 12.00000000000000178 ) ) ;
#2346 = ORIENTED_EDGE ( 'NONE', *, *, #1956, .T. ) ;
#2347 = CARTESIAN_POINT ( 'NONE',  ( 5.662375826453063254, -53.00000000000000000, 0.9999999999999997780 ) ) ;
#2348 = LINE ( 'NONE', #693, #1098 ) ;
#2349 = DIRECTION ( 'NONE',  ( 0.000000000000000000, 0.000000000000000000, 1.000000000000000000 ) ) ;
#2350 = EDGE_CURVE ( 'NONE', #1786, #837, #430, .T. ) ;
#2351 = VERTEX_POINT ( 'NONE', #1539 ) ;
#2352 = EDGE_CURVE ( 'NONE', #391, #922, #817, .T. ) ;
#2353 = DIRECTION ( 'NONE',  ( 0.000000000000000000, -0.000000000000000000, 1.000000000000000000 ) ) ;
#2354 = VECTOR ( 'NONE', #943, 1000.000000000000000 ) ;
#2355 = FACE_BOUND ( 'NONE', #745, .T. ) ;
#2356 = CARTESIAN_POINT ( 'NONE',  ( 7.500000000000004441, 0.000000000000000000, -9.000000000000001776 ) ) ;
#2357 = ORIENTED_EDGE ( 'NONE', *, *, #2307, .T. ) ;
#2358 = DIRECTION ( 'NONE',  ( 0.000000000000000000, 0.000000000000000000, -1.000000000000000000 ) ) ;
#2359 = CARTESIAN_POINT ( 'NONE',  ( 4.643543905251676485, -8.000000000000000000, 0.9999999999999991118 ) ) ;
#2360 = CYLINDRICAL_SURFACE ( 'NONE', #861, 1.550000000000000933 ) ;
#2361 = LINE ( 'NONE', #1416, #2098 ) ;
#2362 = ORIENTED_EDGE ( 'NONE', *, *, #1900, .T. ) ;
#2363 = CARTESIAN_POINT ( 'NONE',  ( 0.000000000000000000, 10.00000000000000000, 0.000000000000000000 ) ) ;
#2364 = EDGE_CURVE ( 'NONE', #2256, #272, #620, .T. ) ;
#2365 = LINE ( 'NONE', #1823, #388 ) ;
#2366 = VERTEX_POINT ( 'NONE', #1551 ) ;
#2367 = DIRECTION ( 'NONE',  ( 0.000000000000000000, 0.000000000000000000, 1.000000000000000000 ) ) ;
#2368 = DIRECTION ( 'NONE',  ( -1.445602896647338917E-16, -0.000000000000000000, 1.000000000000000000 ) ) ;
#2369 = CARTESIAN_POINT ( 'NONE',  ( -8.342815809249100770E-14, 0.000000000000000000, 15.00000000000000355 ) ) ;
#2370 = VECTOR ( 'NONE', #912, 1000.000000000000000 ) ;
#2371 = ORIENTED_EDGE ( 'NONE', *, *, #1967, .F. ) ;
#2372 = DIRECTION ( 'NONE',  ( 1.000000000000000000, 0.000000000000000000, 0.000000000000000000 ) ) ;
#2373 = CYLINDRICAL_SURFACE ( 'NONE', #1776, 3.000000000000000888 ) ;
#2374 = ORIENTED_EDGE ( 'NONE', *, *, #213, .F. ) ;
#2375 = ADVANCED_FACE ( 'NONE', ( #1911 ), #595, .F. ) ;
#2376 = ORIENTED_EDGE ( 'NONE', *, *, #168, .T. ) ;
#2377 = AXIS2_PLACEMENT_3D ( 'NONE', #2345, #646, #1400 ) ;
#2378 = ADVANCED_FACE ( 'NONE', ( #1359 ), #76, .F. ) ;
#2379 = ORIENTED_EDGE ( 'NONE', *, *, #2105, .T. ) ;
#2380 = CARTESIAN_POINT ( 'NONE',  ( -8.999999999999998224, -8.000000000000000000, 8.999999999999998224 ) ) ;
#2381 = CARTESIAN_POINT ( 'NONE',  ( -8.379555213223521315E-14, 13.00000000000000000, 10.45000000000000107 ) ) ;
#2382 = VECTOR ( 'NONE', #984, 1000.000000000000000 ) ;
#2383 = ORIENTED_EDGE ( 'NONE', *, *, #2273, .T. ) ;
#2384 = CARTESIAN_POINT ( 'NONE',  ( 12.00000000000000178, 6.000000000000000000, 4.189777606611760657E-14 ) ) ;
#2385 = DIRECTION ( 'NONE',  ( -1.000000000000000000, -0.000000000000000000, -1.445602896647338917E-16 ) ) ;
#2386 = VERTEX_POINT ( 'NONE', #954 ) ;
#2387 = ORIENTED_EDGE ( 'NONE', *, *, #2339, .F. ) ;
#2388 = VERTEX_POINT ( 'NONE', #1721 ) ;
#2389 = DIRECTION ( 'NONE',  ( 0.000000000000000000, -1.000000000000000000, 0.000000000000000000 ) ) ;
#2390 = DIRECTION ( 'NONE',  ( -0.000000000000000000, 0.000000000000000000, -1.000000000000000000 ) ) ;
#2391 = DIRECTION ( 'NONE',  ( -1.000000000000000000, -0.000000000000000000, -0.000000000000000000 ) ) ;
#2392 = VECTOR ( 'NONE', #1057, 1000.000000000000000 ) ;
#2393 = EDGE_CURVE ( 'NONE', #2366, #873, #1943, .T. ) ;
#2394 = ORIENTED_EDGE ( 'NONE', *, *, #566, .F. ) ;
#2395 = CARTESIAN_POINT ( 'NONE',  ( 2.020667218593132706E-15, 13.00000000000000000, 16.50000000000000000 ) ) ;
#2396 = LINE ( 'NONE', #1207, #2244 ) ;
#2397 = ORIENTED_EDGE ( 'NONE', *, *, #1348, .F. ) ;
#2398 = DIRECTION ( 'NONE',  ( 0.000000000000000000, -1.000000000000000000, -2.891205793294678819E-16 ) ) ;
#2399 = CARTESIAN_POINT ( 'NONE',  ( -8.379555213223521315E-14, 6.000000000000000000, 9.000000000000001776 ) ) ;
#2400 = FACE_OUTER_BOUND ( 'NONE', #1417, .T. ) ;
#2401 = VERTEX_POINT ( 'NONE', #1573 ) ;
#2402 = DIRECTION ( 'NONE',  ( 0.000000000000000000, 1.000000000000000000, 2.891205793294679312E-16 ) ) ;
#2403 = CARTESIAN_POINT ( 'NONE',  ( 1.898202538678396226E-16, 6.000000000000000000, -10.45000000000000107 ) ) ;
#2404 = AXIS2_PLACEMENT_3D ( 'NONE', #2420, #709, #1468 ) ;
#2405 = EDGE_CURVE ( 'NONE', #733, #2140, #779, .T. ) ;
#2406 = ORIENTED_EDGE ( 'NONE', *, *, #392, .F. ) ;
#2407 = CARTESIAN_POINT ( 'NONE',  ( -8.999999999999998224, -8.000000000000000000, -9.000000000000001776 ) ) ;
#2408 = FACE_OUTER_BOUND ( 'NONE', #28, .T. ) ;
#2409 = ADVANCED_FACE ( 'NONE', ( #2328 ), #1386, .F. ) ;
#2410 = EDGE_LOOP ( 'NONE', ( #2003, #382, #1479, #1665 ) ) ;
#2411 = DIRECTION ( 'NONE',  ( -0.000000000000000000, -1.000000000000000000, -0.000000000000000000 ) ) ;
#2412 = AXIS2_PLACEMENT_3D ( 'NONE', #2227, #726, #355 ) ;
#2413 = DIRECTION ( 'NONE',  ( -0.000000000000000000, -1.000000000000000000, -0.000000000000000000 ) ) ;
#2414 = VECTOR ( 'NONE', #22, 1000.000000000000000 ) ;
#2415 = ORIENTED_EDGE ( 'NONE', *, *, #978, .F. ) ;
#2416 = CARTESIAN_POINT ( 'NONE',  ( -5.499999999999995559, -1.000000000000000444, -6.000000000000006217 ) ) ;
#2417 = FACE_OUTER_BOUND ( 'NONE', #685, .T. ) ;
#2418 = CARTESIAN_POINT ( 'NONE',  ( -5.499999999999995559, -5.000000000000000000, -6.000000000000007105 ) ) ;
#2419 = ORIENTED_EDGE ( 'NONE', *, *, #729, .T. ) ;
#2420 = CARTESIAN_POINT ( 'NONE',  ( 0.000000000000000000, -53.00000000000000000, 0.000000000000000000 ) ) ;
#2421 = CARTESIAN_POINT ( 'NONE',  ( 5.916079783099616130, -53.00000000000000000, 0.9999999999999995559 ) ) ;
#2422 = EDGE_CURVE ( 'NONE', #1286, #841, #1, .T. ) ;
#2423 = VERTEX_POINT ( 'NONE', #88 ) ;
#2424 = EDGE_CURVE ( 'NONE', #1232, #1989, #829, .T. ) ;
#2425 = FACE_OUTER_BOUND ( 'NONE', #474, .T. ) ;
#2426 = DIRECTION ( 'NONE',  ( 0.000000000000000000, -1.000000000000000000, 0.000000000000000000 ) ) ;
#2427 = ORIENTED_EDGE ( 'NONE', *, *, #503, .T. ) ;
#2428 = DIRECTION ( 'NONE',  ( -2.418923110329417172E-16, 0.000000000000000000, 1.000000000000000000 ) ) ;
#2429 = LINE ( 'NONE', #358, #2173 ) ;
#2430 = DIRECTION ( 'NONE',  ( 0.000000000000000000, 0.000000000000000000, 1.000000000000000000 ) ) ;
#2431 = AXIS2_PLACEMENT_3D ( 'NONE', #425, #1561, #1169 ) ;
#2432 = ORIENTED_EDGE ( 'NONE', *, *, #1148, .F. ) ;
#2433 = LINE ( 'NONE', #192, #558 ) ;
#2434 = DIRECTION ( 'NONE',  ( -0.000000000000000000, 1.000000000000000000, -0.000000000000000000 ) ) ;
#2435 = ORIENTED_EDGE ( 'NONE', *, *, #231, .F. ) ;
#2436 = LINE ( 'NONE', #1319, #1239 ) ;
#2437 = ADVANCED_FACE ( 'NONE', ( #2114 ), #1170, .T. ) ;
#2438 = FACE_OUTER_BOUND ( 'NONE', #1548, .T. ) ;
ENDSEC;
END-ISO-10303-21;
